Cliente;grupo;tipo;tamanho;desconto ;skus_sem1;skus_sem2;skus_sem3;fat_sem1;fat_sem2;fat_sem3;marg_sem1;marg_sem2;marg_sem3;;;;;
000070;;Varejo;Grande;;;;;;;;;;;;;;;
000080;;Varejo;Grande;;;;;;;;;;;;;;;
000346;;Varejo;Grande;;;;;;;;;;;;;;;
000396;;Autocentro;Pequeno;;;;;;;;;;;;;;;
000415;;Varejo;Pequeno;;;;;;;;;;;;;;;
000423;;Varejo;Pequeno;;;;;;;;;;;;;;;
000455;;Varejo;Grande;;;;;;;;;;;;;;;
000748;;Varejo;Grande;;;;;;;;;;;;;;;
001020;;Varejo;Grande;;;;;;;;;;;;;;;
001912;;Varejo;Grande;;;;;;;;;;;;;;;
001942;;Varejo;Grande;;;;;;;;;;;;;;;
002229;;Varejo;Pequeno;;;;;;;;;;;;;;;
002747;;Autocentro;Grande;;;;;;;;;;;;;;;
003059;;Autocentro;Pequeno;;;;;;;;;;;;;;;
003256;;Autocentro;Pequeno;;;;;;;;;;;;;;;
003333;;Autocentro;Pequeno;;;;;;;;;;;;;;;
003836;;Autocentro;Pequeno;;;;;;;;;;;;;;;
004005;;Autocentro;Pequeno;;;;;;;;;;;;;;;
004222;;Varejo;Grande;;;;;;;;;;;;;;;
005485;;Autocentro;Pequeno;;;;;;;;;;;;;;;
006382;;Autocentro;Pequeno;;;;;;;;;;;;;;;
006428;;Autocentro;Pequeno;;;;;;;;;;;;;;;
006499;;Autocentro;Pequeno;;;;;;;;;;;;;;;
006578;;Autocentro;Pequeno;;;;;;;;;;;;;;;
006764;;Autocentro;Pequeno;;;;;;;;;;;;;;;
007164;;Autocentro;Pequeno;;;;;;;;;;;;;;;
007327;;Varejo;Pequeno;;;;;;;;;;;;;;;
007498;;Autocentro;Pequeno;;;;;;;;;;;;;;;
007575;;Autocentro;Pequeno;;;;;;;;;;;;;;;
007776;;Varejo;Pequeno;;;;;;;;;;;;;;;
007839;;Autocentro;Grande;;;;;;;;;;;;;;;
007877;;Varejo;Pequeno;;;;;;;;;;;;;;;
007878;;Autocentro;Pequeno;;;;;;;;;;;;;;;
008019;;Autocentro;Pequeno;;;;;;;;;;;;;;;
008156;;Autocentro;Grande;;;;;;;;;;;;;;;
008182;;Varejo;Grande;;;;;;;;;;;;;;;
008410;;Autocentro;Pequeno;;;;;;;;;;;;;;;
008574;;Autocentro;Pequeno;;;;;;;;;;;;;;;
008690;;Autocentro;Pequeno;;;;;;;;;;;;;;;
008737;;Varejo;Pequeno;;;;;;;;;;;;;;;
008849;;Autocentro;Grande;;;;;;;;;;;;;;;
009226;;Autocentro;Pequeno;;;;;;;;;;;;;;;
009272;;Autocentro;Pequeno;;;;;;;;;;;;;;;
009380;;Autocentro;Grande;;;;;;;;;;;;;;;
009611;;Autocentro;Pequeno;;;;;;;;;;;;;;;
009822;;Autocentro;Pequeno;;;;;;;;;;;;;;;
010204;;Autocentro;Pequeno;;;;;;;;;;;;;;;
010230;;Autocentro;Pequeno;;;;;;;;;;;;;;;
010255;;Autocentro;Pequeno;;;;;;;;;;;;;;;
010440;;Autocentro;Grande;;;;;;;;;;;;;;;
010522;;Autocentro;Grande;;;;;;;;;;;;;;;
010537;;Varejo;Grande;;;;;;;;;;;;;;;
010718;;Autocentro;Pequeno;;;;;;;;;;;;;;;
011046;;Autocentro;Pequeno;;;;;;;;;;;;;;;
011070;;Autocentro;Pequeno;;;;;;;;;;;;;;;
011073;;Autocentro;Grande;;;;;;;;;;;;;;;
011180;;Autocentro;Pequeno;;;;;;;;;;;;;;;
011184;;Autocentro;Pequeno;;;;;;;;;;;;;;;
011478;;Autocentro;Pequeno;;;;;;;;;;;;;;;
011507;;Varejo;Grande;;;;;;;;;;;;;;;
011668;;Autocentro;Pequeno;;;;;;;;;;;;;;;
011682;;Autocentro;Pequeno;;;;;;;;;;;;;;;
011717;;Autocentro;Pequeno;;;;;;;;;;;;;;;
011728;;Varejo;Pequeno;;;;;;;;;;;;;;;
011729;;Autocentro;Pequeno;;;;;;;;;;;;;;;
011751;;Autocentro;Pequeno;;;;;;;;;;;;;;;
011768;;Autocentro;Pequeno;;;;;;;;;;;;;;;
011830;;Autocentro;Pequeno;;;;;;;;;;;;;;;
012032;;Autocentro;Pequeno;;;;;;;;;;;;;;;
012191;;Autocentro;Pequeno;;;;;;;;;;;;;;;
012313;;Autocentro;Pequeno;;;;;;;;;;;;;;;
012319;;Autocentro;Pequeno;;;;;;;;;;;;;;;
012458;;Autocentro;Pequeno;;;;;;;;;;;;;;;
012489;;Autocentro;Grande;;;;;;;;;;;;;;;
012664;;Autocentro;Pequeno;;;;;;;;;;;;;;;
012733;;Autocentro;Pequeno;;;;;;;;;;;;;;;
012783;;Autocentro;Pequeno;;;;;;;;;;;;;;;
013133;;Autocentro;Pequeno;;;;;;;;;;;;;;;
013171;;Autocentro;Pequeno;;;;;;;;;;;;;;;
013311;;Autocentro;Pequeno;;;;;;;;;;;;;;;
013366;;Varejo;Pequeno;;;;;;;;;;;;;;;
013426;;Autocentro;Pequeno;;;;;;;;;;;;;;;
013428;;Autocentro;Pequeno;;;;;;;;;;;;;;;
013436;;Autocentro;Pequeno;;;;;;;;;;;;;;;
013473;;Autocentro;Pequeno;;;;;;;;;;;;;;;
013480;;Autocentro;Grande;;;;;;;;;;;;;;;
013578;;Autocentro;Pequeno;;;;;;;;;;;;;;;
013752;;Autocentro;Pequeno;;;;;;;;;;;;;;;
013785;;Autocentro;Pequeno;;;;;;;;;;;;;;;
013815;;Autocentro;Pequeno;;;;;;;;;;;;;;;
013862;;Autocentro;Pequeno;;;;;;;;;;;;;;;
013934;;Autocentro;Pequeno;;;;;;;;;;;;;;;
013941;;Autocentro;Pequeno;;;;;;;;;;;;;;;
014005;;Autocentro;Pequeno;;;;;;;;;;;;;;;
014163;;Autocentro;Pequeno;;;;;;;;;;;;;;;
014354;;Autocentro;Pequeno;;;;;;;;;;;;;;;
014401;;Varejo;Pequeno;;;;;;;;;;;;;;;
014409;;Autocentro;Grande;;;;;;;;;;;;;;;
014503;;Autocentro;Pequeno;;;;;;;;;;;;;;;
014753;;Autocentro;Grande;;;;;;;;;;;;;;;
014867;;Autocentro;Pequeno;;;;;;;;;;;;;;;
014953;;Autocentro;Pequeno;;;;;;;;;;;;;;;
015011;;Autocentro;Pequeno;;;;;;;;;;;;;;;
015189;;Autocentro;Grande;;;;;;;;;;;;;;;
015192;;Autocentro;Pequeno;;;;;;;;;;;;;;;
015413;;Autocentro;Pequeno;;;;;;;;;;;;;;;
015477;;Autocentro;Pequeno;;;;;;;;;;;;;;;
015482;;Autocentro;Pequeno;;;;;;;;;;;;;;;
015503;;Autocentro;Pequeno;;;;;;;;;;;;;;;
015580;;Autocentro;Pequeno;;;;;;;;;;;;;;;
015631;;Varejo;Pequeno;;;;;;;;;;;;;;;
015676;;Autocentro;Pequeno;;;;;;;;;;;;;;;
015701;;Autocentro;Pequeno;;;;;;;;;;;;;;;
015833;;Autocentro;Pequeno;;;;;;;;;;;;;;;
015855;;Autocentro;Grande;;;;;;;;;;;;;;;
015868;;Autocentro;Pequeno;;;;;;;;;;;;;;;
015891;;Não qualificado;;;;;;;;;;;;;;;;
015975;;Não qualificado;;;;;;;;;;;;;;;;
016045;;Autocentro;Pequeno;;;;;;;;;;;;;;;
016105;;Autocentro;Pequeno;;;;;;;;;;;;;;;
018075;;Varejo;Pequeno;;;;;;;;;;;;;;;
018144;;Autocentro;Pequeno;;;;;;;;;;;;;;;
018152;;Não qualificado;;;;;;;;;;;;;;;;
018545;;Autocentro;Pequeno;;;;;;;;;;;;;;;
018653;;Autocentro;Grande;;;;;;;;;;;;;;;
018936;;Não qualificado;;;;;;;;;;;;;;;;
019246;;Autocentro;Pequeno;;;;;;;;;;;;;;;
019643;;Autocentro;Grande;;;;;;;;;;;;;;;
019876;;Varejo;Grande;;;;;;;;;;;;;;;
020164;;Não qualificado;;;;;;;;;;;;;;;;
020248;;Autocentro;Pequeno;;;;;;;;;;;;;;;
020253;;Varejo;Grande;;;;;;;;;;;;;;;
020284;;Autocentro;Pequeno;;;;;;;;;;;;;;;
020299;;Autocentro;Pequeno;;;;;;;;;;;;;;;
020304;;Autocentro;Grande;;;;;;;;;;;;;;;
020527;;Autocentro;Grande;;;;;;;;;;;;;;;
020634;;Autocentro;Grande;;;;;;;;;;;;;;;
020676;;Autocentro;Grande;;;;;;;;;;;;;;;
020890;;Varejo;Grande;;;;;;;;;;;;;;;
020934;;Autocentro;Grande;;;;;;;;;;;;;;;
021015;;Autocentro;Grande;;;;;;;;;;;;;;;
021027;;Autocentro;Pequeno;;;;;;;;;;;;;;;
021050;;Autocentro;Grande;;;;;;;;;;;;;;;
021061;;Autocentro;Grande;;;;;;;;;;;;;;;
021223;;Autocentro;Grande;;;;;;;;;;;;;;;
021471;;Autocentro;Grande;;;;;;;;;;;;;;;
021492;;Autocentro;Grande;;;;;;;;;;;;;;;
021828;;Autocentro;Grande;;;;;;;;;;;;;;;
021920;;Autocentro;Grande;;;;;;;;;;;;;;;
022689;;Autocentro;Grande;;;;;;;;;;;;;;;
022709;;Varejo;Grande;;;;;;;;;;;;;;;
022731;;Autocentro;Grande;;;;;;;;;;;;;;;
022814;;Autocentro;Pequeno;;;;;;;;;;;;;;;
022892;;Autocentro;Grande;;;;;;;;;;;;;;;
022979;;Autocentro;Pequeno;;;;;;;;;;;;;;;
023097;;Autocentro;Grande;;;;;;;;;;;;;;;
023113;;Autocentro;Grande;;;;;;;;;;;;;;;
023117;;Autocentro;Grande;;;;;;;;;;;;;;;
023153;;Autocentro;Grande;;;;;;;;;;;;;;;
023179;;Autocentro;Pequeno;;;;;;;;;;;;;;;
023319;;Autocentro;Grande;;;;;;;;;;;;;;;
023335;;Autocentro;Grande;;;;;;;;;;;;;;;
023336;;Autocentro;Pequeno;;;;;;;;;;;;;;;
023337;;Autocentro;Pequeno;;;;;;;;;;;;;;;
023342;;Autocentro;Grande;;;;;;;;;;;;;;;
023355;;Varejo;Pequeno;;;;;;;;;;;;;;;
023356;;Varejo;Pequeno;;;;;;;;;;;;;;;
023384;;Autocentro;Pequeno;;;;;;;;;;;;;;;
023385;;Autocentro;Pequeno;;;;;;;;;;;;;;;
023397;;Autocentro;Pequeno;;;;;;;;;;;;;;;
023403;;Autocentro;Pequeno;;;;;;;;;;;;;;;
023404;;Autocentro;Pequeno;;;;;;;;;;;;;;;
023413;;Varejo;Pequeno;;;;;;;;;;;;;;;
023416;;Autocentro;Grande;;;;;;;;;;;;;;;
023418;;Varejo;Pequeno;;;;;;;;;;;;;;;
023769;;Autocentro;Pequeno;;;;;;;;;;;;;;;
023775;;Autocentro;Pequeno;;;;;;;;;;;;;;;
023847;;Varejo;Grande;;;;;;;;;;;;;;;
023953;;Varejo;Pequeno;;;;;;;;;;;;;;;
023954;;Varejo;Grande;;;;;;;;;;;;;;;
023998;;Varejo;Grande;;;;;;;;;;;;;;;
024001;;Varejo;Pequeno;;;;;;;;;;;;;;;
024005;;Varejo;Pequeno;;;;;;;;;;;;;;;
024007;;Varejo;Grande;;;;;;;;;;;;;;;
024020;;Varejo;Grande;;;;;;;;;;;;;;;
024021;;Varejo;Grande;;;;;;;;;;;;;;;
024022;;Autocentro;Pequeno;;;;;;;;;;;;;;;
024023;;Varejo;Grande;;;;;;;;;;;;;;;
024027;;Varejo;Grande;;;;;;;;;;;;;;;
024029;;Varejo;Grande;;;;;;;;;;;;;;;
024030;;Varejo;Grande;;;;;;;;;;;;;;;
024031;;Autocentro;Pequeno;;;;;;;;;;;;;;;
024039;;Varejo;Grande;;;;;;;;;;;;;;;
024043;;Varejo;Pequeno;;;;;;;;;;;;;;;
024046;;Varejo;Pequeno;;;;;;;;;;;;;;;
024047;;Autocentro;Grande;;;;;;;;;;;;;;;
024048;;Varejo;Grande;;;;;;;;;;;;;;;
024050;;Varejo;Grande;;;;;;;;;;;;;;;
024055;;Varejo;Pequeno;;;;;;;;;;;;;;;
024056;;Autocentro;Pequeno;;;;;;;;;;;;;;;
024057;;Varejo;Pequeno;;;;;;;;;;;;;;;
024060;;Varejo;Grande;;;;;;;;;;;;;;;
024067;;Varejo;Grande;;;;;;;;;;;;;;;
024071;;Autocentro;Pequeno;;;;;;;;;;;;;;;
024074;;Autocentro;Pequeno;;;;;;;;;;;;;;;
024078;;Autocentro;Pequeno;;;;;;;;;;;;;;;
024083;;Varejo;Grande;;;;;;;;;;;;;;;
024094;;Varejo;Grande;;;;;;;;;;;;;;;
024096;;Autocentro;Grande;;;;;;;;;;;;;;;
024099;;Varejo;Grande;;;;;;;;;;;;;;;
024103;;Varejo;Grande;;;;;;;;;;;;;;;
024113;;Varejo;Pequeno;;;;;;;;;;;;;;;
024117;;Autocentro;Grande;;;;;;;;;;;;;;;
024118;;Autocentro;Grande;;;;;;;;;;;;;;;
024119;;Varejo;Pequeno;;;;;;;;;;;;;;;
024120;;Autocentro;Grande;;;;;;;;;;;;;;;
024129;;Varejo;Grande;;;;;;;;;;;;;;;
024134;;Varejo;Grande;;;;;;;;;;;;;;;
024147;;Não qualificado;;;;;;;;;;;;;;;;
024149;;Varejo;Grande;;;;;;;;;;;;;;;
024160;;Autocentro;Pequeno;;;;;;;;;;;;;;;
024161;;Varejo;Grande;;;;;;;;;;;;;;;
024162;;Varejo;Grande;;;;;;;;;;;;;;;
024163;;Varejo;Grande;;;;;;;;;;;;;;;
024164;;Autocentro;Grande;;;;;;;;;;;;;;;
024165;;Varejo;Grande;;;;;;;;;;;;;;;
024170;;Autocentro;Grande;;;;;;;;;;;;;;;
024172;;Autocentro;Grande;;;;;;;;;;;;;;;
024174;;Autocentro;Grande;;;;;;;;;;;;;;;
024205;;Autocentro;Pequeno;;;;;;;;;;;;;;;
024244;;Não qualificado;;;;;;;;;;;;;;;;
024247;;Autocentro;Pequeno;;;;;;;;;;;;;;;
024283;;Varejo;Pequeno;;;;;;;;;;;;;;;
024291;;Autocentro;Pequeno;;;;;;;;;;;;;;;
024325;;Autocentro;Pequeno;;;;;;;;;;;;;;;
024369;;Autocentro;Grande;;;;;;;;;;;;;;;
024377;;Autocentro;Grande;;;;;;;;;;;;;;;
024378;;Autocentro;Grande;;;;;;;;;;;;;;;
024379;;Autocentro;Pequeno;;;;;;;;;;;;;;;
024385;;Autocentro;Pequeno;;;;;;;;;;;;;;;
024388;;Autocentro;Pequeno;;;;;;;;;;;;;;;
024389;;Autocentro;Pequeno;;;;;;;;;;;;;;;
024391;;Autocentro;Pequeno;;;;;;;;;;;;;;;
024424;;Autocentro;Pequeno;;;;;;;;;;;;;;;
024433;;Autocentro;Pequeno;;;;;;;;;;;;;;;
024437;;Varejo;Pequeno;;;;;;;;;;;;;;;
024439;;Autocentro;Pequeno;;;;;;;;;;;;;;;
024442;;Varejo;Pequeno;;;;;;;;;;;;;;;
024443;;Autocentro;Pequeno;;;;;;;;;;;;;;;
024445;;Autocentro;Pequeno;;;;;;;;;;;;;;;
024450;;Autocentro;Pequeno;;;;;;;;;;;;;;;
024471;;Autocentro;Pequeno;;;;;;;;;;;;;;;
024492;;Varejo;Pequeno;;;;;;;;;;;;;;;
024494;;Autocentro;Grande;;;;;;;;;;;;;;;
024496;;Autocentro;Grande;;;;;;;;;;;;;;;
024557;;Autocentro;Grande;;;;;;;;;;;;;;;
024644;;Autocentro;Pequeno;;;;;;;;;;;;;;;
024677;;Autocentro;Pequeno;;;;;;;;;;;;;;;
024694;;Autocentro;Pequeno;;;;;;;;;;;;;;;
024821;;Varejo;Pequeno;;;;;;;;;;;;;;;
024822;;Autocentro;Pequeno;;;;;;;;;;;;;;;
024827;;Autocentro;Pequeno;;;;;;;;;;;;;;;
024828;;Autocentro;Grande;;;;;;;;;;;;;;;
024833;;Varejo;Pequeno;;;;;;;;;;;;;;;
024863;;Varejo;Pequeno;;;;;;;;;;;;;;;
024865;;Autocentro;Pequeno;;;;;;;;;;;;;;;
024871;;Varejo;Pequeno;;;;;;;;;;;;;;;
026814;;Autocentro;Pequeno;;;;;;;;;;;;;;;
026841;;Varejo;Pequeno;;;;;;;;;;;;;;;
026870;;Varejo;Pequeno;;;;;;;;;;;;;;;
026881;;Varejo;Pequeno;;;;;;;;;;;;;;;
026892;;Autocentro;Pequeno;;;;;;;;;;;;;;;
026905;;Autocentro;Pequeno;;;;;;;;;;;;;;;
026906;;Autocentro;Grande;;;;;;;;;;;;;;;
026908;;Autocentro;Grande;;;;;;;;;;;;;;;
026913;;Varejo;Pequeno;;;;;;;;;;;;;;;
026919;;Autocentro;Pequeno;;;;;;;;;;;;;;;
026920;;Varejo;Pequeno;;;;;;;;;;;;;;;
026922;;Varejo;Grande;;;;;;;;;;;;;;;
026941;;Varejo;Grande;;;;;;;;;;;;;;;
026943;;Varejo;Grande;;;;;;;;;;;;;;;
026946;;Autocentro;Pequeno;;;;;;;;;;;;;;;
026947;;Autocentro;Pequeno;;;;;;;;;;;;;;;
026969;;Varejo;Grande;;;;;;;;;;;;;;;
027014;;Autocentro;Grande;;;;;;;;;;;;;;;
027016;;Varejo;Pequeno;;;;;;;;;;;;;;;
027018;;Varejo;Pequeno;;;;;;;;;;;;;;;
027019;;Autocentro;Pequeno;;;;;;;;;;;;;;;
027036;;Varejo;Pequeno;;;;;;;;;;;;;;;
027043;;Autocentro;Pequeno;;;;;;;;;;;;;;;
027045;;Autocentro;Pequeno;;;;;;;;;;;;;;;
027051;;Varejo;Pequeno;;;;;;;;;;;;;;;
027060;;Varejo;Pequeno;;;;;;;;;;;;;;;
027074;;Autocentro;Pequeno;;;;;;;;;;;;;;;
027089;;Autocentro;Pequeno;;;;;;;;;;;;;;;
027114;;Autocentro;Pequeno;;;;;;;;;;;;;;;
027156;;Varejo;Pequeno;;;;;;;;;;;;;;;
027166;;Varejo;Pequeno;;;;;;;;;;;;;;;
027176;;Autocentro;Pequeno;;;;;;;;;;;;;;;
027181;;Varejo;Pequeno;;;;;;;;;;;;;;;
027182;;Autocentro;Grande;;;;;;;;;;;;;;;
027189;;Autocentro;Pequeno;;;;;;;;;;;;;;;
027191;;Varejo;Pequeno;;;;;;;;;;;;;;;
027207;;Autocentro;Pequeno;;;;;;;;;;;;;;;
027219;;Varejo;Pequeno;;;;;;;;;;;;;;;
027221;;Autocentro;Pequeno;;;;;;;;;;;;;;;
027226;;Autocentro;Pequeno;;;;;;;;;;;;;;;
027227;;Autocentro;Pequeno;;;;;;;;;;;;;;;
027228;;Autocentro;Pequeno;;;;;;;;;;;;;;;
027232;;Autocentro;Pequeno;;;;;;;;;;;;;;;
027235;;Autocentro;Pequeno;;;;;;;;;;;;;;;
027241;;Autocentro;Pequeno;;;;;;;;;;;;;;;
027251;;Varejo;Pequeno;;;;;;;;;;;;;;;
027252;;Autocentro;Pequeno;;;;;;;;;;;;;;;
027255;;Autocentro;Pequeno;;;;;;;;;;;;;;;
027303;;Varejo;Grande;;;;;;;;;;;;;;;
027312;;Autocentro;Pequeno;;;;;;;;;;;;;;;
027340;;Autocentro;Grande;;;;;;;;;;;;;;;
027363;;Varejo;Grande;;;;;;;;;;;;;;;
027411;;Varejo;Pequeno;;;;;;;;;;;;;;;
027413;;Varejo;Grande;;;;;;;;;;;;;;;
027415;;Autocentro;Pequeno;;;;;;;;;;;;;;;
027421;;Autocentro;Grande;;;;;;;;;;;;;;;
027453;;Autocentro;Grande;;;;;;;;;;;;;;;
027466;;Autocentro;Pequeno;;;;;;;;;;;;;;;
027475;;Autocentro;Pequeno;;;;;;;;;;;;;;;
027491;;Varejo;Grande;;;;;;;;;;;;;;;
027526;;Varejo;Grande;;;;;;;;;;;;;;;
027536;;Varejo;Grande;;;;;;;;;;;;;;;
027552;;Autocentro;Pequeno;;;;;;;;;;;;;;;
027557;;Autocentro;Grande;;;;;;;;;;;;;;;
027560;;Autocentro;Grande;;;;;;;;;;;;;;;
027566;;Varejo;Grande;;;;;;;;;;;;;;;
027600;;Varejo;Grande;;;;;;;;;;;;;;;
027620;;Varejo;Grande;;;;;;;;;;;;;;;
027621;;Varejo;Grande;;;;;;;;;;;;;;;
027665;;Varejo;Grande;;;;;;;;;;;;;;;
027695;;Autocentro;Grande;;;;;;;;;;;;;;;
027697;;Varejo;Grande;;;;;;;;;;;;;;;
027718;;Autocentro;Grande;;;;;;;;;;;;;;;
027741;;Autocentro;Grande;;;;;;;;;;;;;;;
027766;;Autocentro;Grande;;;;;;;;;;;;;;;
027773;;Varejo;Grande;;;;;;;;;;;;;;;
027780;;Varejo;Grande;;;;;;;;;;;;;;;
027784;;Não qualificado;;;;;;;;;;;;;;;;
027814;;Varejo;Grande;;;;;;;;;;;;;;;
027985;;Autocentro;Grande;;;;;;;;;;;;;;;
027991;;Varejo;Grande;;;;;;;;;;;;;;;
028000;;Varejo;Pequeno;;;;;;;;;;;;;;;
028004;;Autocentro;Grande;;;;;;;;;;;;;;;
028018;;Autocentro;Grande;;;;;;;;;;;;;;;
028019;;Varejo;Pequeno;;;;;;;;;;;;;;;
028021;;Varejo;Pequeno;;;;;;;;;;;;;;;
028024;;Autocentro;Grande;;;;;;;;;;;;;;;
028028;;Autocentro;Grande;;;;;;;;;;;;;;;
028029;;Autocentro;Pequeno;;;;;;;;;;;;;;;
028030;;Autocentro;Pequeno;;;;;;;;;;;;;;;
028034;;Autocentro;Grande;;;;;;;;;;;;;;;
028037;;Autocentro;Grande;;;;;;;;;;;;;;;
028039;;Autocentro;Grande;;;;;;;;;;;;;;;
028042;;Varejo;Grande;;;;;;;;;;;;;;;
028044;;Autocentro;Pequeno;;;;;;;;;;;;;;;
028045;;Varejo;Pequeno;;;;;;;;;;;;;;;
028046;;Autocentro;Pequeno;;;;;;;;;;;;;;;
028050;;Varejo;Grande;;;;;;;;;;;;;;;
028053;;Autocentro;Grande;;;;;;;;;;;;;;;
028056;;Varejo;Pequeno;;;;;;;;;;;;;;;
028065;;Autocentro;Pequeno;;;;;;;;;;;;;;;
028068;;Varejo;Pequeno;;;;;;;;;;;;;;;
028075;;Autocentro;Grande;;;;;;;;;;;;;;;
028078;;Autocentro;Pequeno;;;;;;;;;;;;;;;
028174;;Varejo;Pequeno;;;;;;;;;;;;;;;
028177;;Autocentro;Pequeno;;;;;;;;;;;;;;;
028220;;Autocentro;Pequeno;;;;;;;;;;;;;;;
028250;;Autocentro;Pequeno;;;;;;;;;;;;;;;
028280;;Varejo;Pequeno;;;;;;;;;;;;;;;
028283;;Autocentro;Grande;;;;;;;;;;;;;;;
028299;;Autocentro;Pequeno;;;;;;;;;;;;;;;
028308;;Autocentro;Pequeno;;;;;;;;;;;;;;;
028312;;Autocentro;Pequeno;;;;;;;;;;;;;;;
028319;;Varejo;Pequeno;;;;;;;;;;;;;;;
028324;;Autocentro;Pequeno;;;;;;;;;;;;;;;
028337;;Varejo;Pequeno;;;;;;;;;;;;;;;
028349;;Varejo;Pequeno;;;;;;;;;;;;;;;
028350;;Autocentro;Grande;;;;;;;;;;;;;;;
028381;;Varejo;Grande;;;;;;;;;;;;;;;
028383;;Autocentro;Grande;;;;;;;;;;;;;;;
028399;;Varejo;Pequeno;;;;;;;;;;;;;;;
028424;;Autocentro;Pequeno;;;;;;;;;;;;;;;
028442;;Autocentro;Grande;;;;;;;;;;;;;;;
028455;;Varejo;Grande;;;;;;;;;;;;;;;
028469;;Autocentro;Pequeno;;;;;;;;;;;;;;;
028477;;Varejo;Grande;;;;;;;;;;;;;;;
028496;;Autocentro;Grande;;;;;;;;;;;;;;;
028500;;Varejo;Pequeno;;;;;;;;;;;;;;;
028537;;Varejo;Pequeno;;;;;;;;;;;;;;;
028701;;Varejo;Grande;;;;;;;;;;;;;;;
028865;;Autocentro;Pequeno;;;;;;;;;;;;;;;
028868;;Autocentro;Pequeno;;;;;;;;;;;;;;;
028870;;Varejo;Pequeno;;;;;;;;;;;;;;;
029443;;Autocentro;Pequeno;;;;;;;;;;;;;;;
029466;;Varejo;Pequeno;;;;;;;;;;;;;;;
029622;;Varejo;Pequeno;;;;;;;;;;;;;;;
029832;;Autocentro;Grande;;;;;;;;;;;;;;;
029841;;Autocentro;Pequeno;;;;;;;;;;;;;;;
029863;;Autocentro;Pequeno;;;;;;;;;;;;;;;
029987;;Autocentro;Pequeno;;;;;;;;;;;;;;;
I0100;;Autocentro;Grande;;;;;;;;;;;;;;;
I0637;;Autocentro;Pequeno;;;;;;;;;;;;;;;
I0693;;Autocentro;Pequeno;;;;;;;;;;;;;;;
I0836;;Autocentro;Pequeno;;;;;;;;;;;;;;;
I0909;;Autocentro;Grande;;;;;;;;;;;;;;;
I0927;;Não qualificado;;;;;;;;;;;;;;;;
I0951;;Autocentro;Pequeno;;;;;;;;;;;;;;;
I1518;;Autocentro;Grande;;;;;;;;;;;;;;;
I1519;;Autocentro;Grande;;;;;;;;;;;;;;;
I1520;;Autocentro;Grande;;;;;;;;;;;;;;;
I1522;;Autocentro;Grande;;;;;;;;;;;;;;;
I1524;;Varejo;Grande;;;;;;;;;;;;;;;
I1527;;Autocentro;Grande;;;;;;;;;;;;;;;
I1531;;Varejo;Grande;;;;;;;;;;;;;;;
I1532;;Não qualificado;;;;;;;;;;;;;;;;
I1536;;Autocentro;Grande;;;;;;;;;;;;;;;
I1538;;Varejo;Grande;;;;;;;;;;;;;;;
I1540;;Varejo;Grande;;;;;;;;;;;;;;;
I1554;;Varejo;Grande;;;;;;;;;;;;;;;
I1555;;Varejo;Grande;;;;;;;;;;;;;;;
I1561;;Varejo;Grande;;;;;;;;;;;;;;;
I1563;;Autocentro;Grande;;;;;;;;;;;;;;;
I1566;;Varejo;Grande;;;;;;;;;;;;;;;
I1573;;Varejo;Grande;;;;;;;;;;;;;;;
I1574;;Autocentro;Grande;;;;;;;;;;;;;;;
I1612;;Varejo;Grande;;;;;;;;;;;;;;;
I1618;;Varejo;Grande;;;;;;;;;;;;;;;
I1621;;Autocentro;Grande;;;;;;;;;;;;;;;
I1626;;Autocentro;Grande;;;;;;;;;;;;;;;
I1630;;Varejo;Grande;;;;;;;;;;;;;;;
I1636;;Varejo;Grande;;;;;;;;;;;;;;;
I1638;;Varejo;Grande;;;;;;;;;;;;;;;
I1640;;Autocentro;Grande;;;;;;;;;;;;;;;
I1668;;Autocentro;Grande;;;;;;;;;;;;;;;
I1705;;Autocentro;Pequeno;;;;;;;;;;;;;;;
I1723;;Autocentro;Grande;;;;;;;;;;;;;;;
I1734;;Varejo;Grande;;;;;;;;;;;;;;;
I1736;;Autocentro;Grande;;;;;;;;;;;;;;;
I1776;;Autocentro;Grande;;;;;;;;;;;;;;;
I1830;;Varejo;Grande;;;;;;;;;;;;;;;
I1833;;Autocentro;Grande;;;;;;;;;;;;;;;
I1835;;Varejo;Grande;;;;;;;;;;;;;;;
I1849;;Autocentro;Pequeno;;;;;;;;;;;;;;;
I1862;;Autocentro;Grande;;;;;;;;;;;;;;;
I1869;;Autocentro;Grande;;;;;;;;;;;;;;;
I1886;;Varejo;Grande;;;;;;;;;;;;;;;
I1891;;Varejo;Grande;;;;;;;;;;;;;;;
I1900;;Varejo;Grande;;;;;;;;;;;;;;;
I1901;;Varejo;Pequeno;;;;;;;;;;;;;;;
I1911;;Varejo;Pequeno;;;;;;;;;;;;;;;
I1933;;Autocentro;Grande;;;;;;;;;;;;;;;
I1942;;Varejo;Grande;;;;;;;;;;;;;;;
I1951;;Varejo;Pequeno;;;;;;;;;;;;;;;
I1957;;Autocentro;Pequeno;;;;;;;;;;;;;;;
I1966;;Autocentro;Grande;;;;;;;;;;;;;;;
I1975;;Autocentro;Pequeno;;;;;;;;;;;;;;;
I1983;;Autocentro;Pequeno;;;;;;;;;;;;;;;
I1987;;Autocentro;Grande;;;;;;;;;;;;;;;
I2017;;Autocentro;Grande;;;;;;;;;;;;;;;
I2057;;Varejo;Grande;;;;;;;;;;;;;;;
I2058;;Autocentro;Grande;;;;;;;;;;;;;;;
I2075;;Autocentro;Grande;;;;;;;;;;;;;;;
I2076;;Autocentro;Grande;;;;;;;;;;;;;;;
I2091;;Varejo;Grande;;;;;;;;;;;;;;;
I2093;;Varejo;Grande;;;;;;;;;;;;;;;
I2111;;Varejo;Grande;;;;;;;;;;;;;;;
I2116;;Não qualificado;;;;;;;;;;;;;;;;
I2140;;Varejo;Grande;;;;;;;;;;;;;;;
I2144;;Varejo;Grande;;;;;;;;;;;;;;;
I2147;;Autocentro;Grande;;;;;;;;;;;;;;;
I2164;;Não qualificado;;;;;;;;;;;;;;;;
I2165;;Autocentro;Grande;;;;;;;;;;;;;;;
I2172;;Varejo;Grande;;;;;;;;;;;;;;;
I2174;;Varejo;Grande;;;;;;;;;;;;;;;
I2196;;Varejo;Grande;;;;;;;;;;;;;;;
I2205;;Autocentro;Grande;;;;;;;;;;;;;;;
I2222;;Varejo;Grande;;;;;;;;;;;;;;;
I2257;;Varejo;Grande;;;;;;;;;;;;;;;
I2259;;Autocentro;Pequeno;;;;;;;;;;;;;;;
I2260;;Autocentro;Pequeno;;;;;;;;;;;;;;;
I2283;;Autocentro;Grande;;;;;;;;;;;;;;;
I2323;;Varejo;Grande;;;;;;;;;;;;;;;
I2385;;Varejo;Grande;;;;;;;;;;;;;;;
I2390;;Autocentro;Grande;;;;;;;;;;;;;;;
I2391;;Varejo;Grande;;;;;;;;;;;;;;;
I2401;;Autocentro;Grande;;;;;;;;;;;;;;;
I2423;;Varejo;Grande;;;;;;;;;;;;;;;
I2454;;Autocentro;Grande;;;;;;;;;;;;;;;
I2456;;Varejo;Grande;;;;;;;;;;;;;;;
I2458;;Autocentro;Grande;;;;;;;;;;;;;;;
I2466;;Autocentro;Grande;;;;;;;;;;;;;;;
I2468;;Autocentro;Grande;;;;;;;;;;;;;;;
I2469;;Varejo;Grande;;;;;;;;;;;;;;;
I2506;;Autocentro;Grande;;;;;;;;;;;;;;;
I2522;;Varejo;Grande;;;;;;;;;;;;;;;
I2524;;Autocentro;Grande;;;;;;;;;;;;;;;
I2529;;Autocentro;Grande;;;;;;;;;;;;;;;
I2531;;Varejo;Grande;;;;;;;;;;;;;;;
I2560;;Autocentro;Grande;;;;;;;;;;;;;;;
I2566;;Não qualificado;;;;;;;;;;;;;;;;
I2573;;Varejo;Grande;;;;;;;;;;;;;;;
I2587;;Autocentro;Grande;;;;;;;;;;;;;;;
I2591;;Autocentro;Pequeno;;;;;;;;;;;;;;;
I2592;;Varejo;Pequeno;;;;;;;;;;;;;;;
I2600;;Varejo;Grande;;;;;;;;;;;;;;;
I2601;;Varejo;Grande;;;;;;;;;;;;;;;
I2606;;Varejo;Grande;;;;;;;;;;;;;;;
I2607;;Autocentro;Grande;;;;;;;;;;;;;;;
I2615;;Não qualificado;;;;;;;;;;;;;;;;
I2621;;Varejo;Grande;;;;;;;;;;;;;;;
I2625;;Autocentro;Grande;;;;;;;;;;;;;;;
I2633;;Autocentro;Grande;;;;;;;;;;;;;;;
I2636;;Autocentro;Grande;;;;;;;;;;;;;;;
I2648;;Varejo;Grande;;;;;;;;;;;;;;;
I2654;;Varejo;Grande;;;;;;;;;;;;;;;
I2672;;Autocentro;Pequeno;;;;;;;;;;;;;;;
I2683;;Autocentro;Grande;;;;;;;;;;;;;;;
I2684;;Autocentro;Grande;;;;;;;;;;;;;;;
I2692;;Autocentro;Pequeno;;;;;;;;;;;;;;;
I2700;;Autocentro;Pequeno;;;;;;;;;;;;;;;
I2702;;Varejo;Grande;;;;;;;;;;;;;;;
I2713;;Autocentro;Pequeno;;;;;;;;;;;;;;;
I2722;;Autocentro;Pequeno;;;;;;;;;;;;;;;
I2733;;Varejo;Grande;;;;;;;;;;;;;;;
I2734;;Varejo;Grande;;;;;;;;;;;;;;;
I2739;;Varejo;Pequeno;;;;;;;;;;;;;;;
I2753;;Autocentro;Pequeno;;;;;;;;;;;;;;;
I2758;;Autocentro;Pequeno;;;;;;;;;;;;;;;
I2763;;Varejo;Grande;;;;;;;;;;;;;;;
I2770;;Não qualificado;;;;;;;;;;;;;;;;
I2779;;Varejo;Pequeno;;;;;;;;;;;;;;;
I2780;;Varejo;Grande;;;;;;;;;;;;;;;
I2783;;Varejo;Grande;;;;;;;;;;;;;;;
I2787;;Varejo;Pequeno;;;;;;;;;;;;;;;
I2806;;Varejo;Pequeno;;;;;;;;;;;;;;;
I2814;;Autocentro;Pequeno;;;;;;;;;;;;;;;
I2844;;Varejo;Grande;;;;;;;;;;;;;;;
I2868;;Varejo;Grande;;;;;;;;;;;;;;;
I2871;;Varejo;Pequeno;;;;;;;;;;;;;;;
I2879;;Autocentro;Pequeno;;;;;;;;;;;;;;;
I2880;;Varejo;Grande;;;;;;;;;;;;;;;
I2882;;Varejo;Grande;;;;;;;;;;;;;;;
I2884;;Varejo;Grande;;;;;;;;;;;;;;;
I2894;;Varejo;Grande;;;;;;;;;;;;;;;
I2899;;Autocentro;Grande;;;;;;;;;;;;;;;
I2900;;Varejo;Grande;;;;;;;;;;;;;;;
I2902;;Autocentro;Pequeno;;;;;;;;;;;;;;;
I2906;;Varejo;Grande;;;;;;;;;;;;;;;
I2915;;Autocentro;Grande;;;;;;;;;;;;;;;
I2918;;Não qualificado;;;;;;;;;;;;;;;;
I2925;;Autocentro;Pequeno;;;;;;;;;;;;;;;
I2929;;Autocentro;Pequeno;;;;;;;;;;;;;;;
I2931;;Autocentro;Pequeno;;;;;;;;;;;;;;;
I2933;;Autocentro;Grande;;;;;;;;;;;;;;;
I2938;;Autocentro;Pequeno;;;;;;;;;;;;;;;
I2953;;Autocentro;Pequeno;;;;;;;;;;;;;;;
I2957;;Autocentro;Pequeno;;;;;;;;;;;;;;;
I2973;;Não qualificado;;;;;;;;;;;;;;;;
I2979;;Varejo;Grande;;;;;;;;;;;;;;;
I3030;;Não qualificado;;;;;;;;;;;;;;;;
I3043;;Autocentro;Pequeno;;;;;;;;;;;;;;;
I3059;;Varejo;Grande;;;;;;;;;;;;;;;
I3060;;Varejo;Grande;;;;;;;;;;;;;;;
I3090;;Varejo;Grande;;;;;;;;;;;;;;;
I3091;;Varejo;Grande;;;;;;;;;;;;;;;
I3093;;Varejo;Grande;;;;;;;;;;;;;;;
I3095;;Varejo;Grande;;;;;;;;;;;;;;;
I3100;;Autocentro;Grande;;;;;;;;;;;;;;;
I3115;;Varejo;Grande;;;;;;;;;;;;;;;
I3127;;Autocentro;Grande;;;;;;;;;;;;;;;
I3144;;Autocentro;Pequeno;;;;;;;;;;;;;;;
I3157;;Varejo;Grande;;;;;;;;;;;;;;;
I3170;;Varejo;Grande;;;;;;;;;;;;;;;
I3171;;Varejo;Grande;;;;;;;;;;;;;;;
I3173;;Autocentro;Grande;;;;;;;;;;;;;;;
I3177;;Autocentro;Pequeno;;;;;;;;;;;;;;;
I3183;;Varejo;Grande;;;;;;;;;;;;;;;
I3207;;Autocentro;Grande;;;;;;;;;;;;;;;
I3215;;Autocentro;Pequeno;;;;;;;;;;;;;;;
I3218;;Varejo;Grande;;;;;;;;;;;;;;;
I3278;;Autocentro;Pequeno;;;;;;;;;;;;;;;
I3280;;Autocentro;Pequeno;;;;;;;;;;;;;;;
I3283;;Varejo;Pequeno;;;;;;;;;;;;;;;
I3315;;Autocentro;Grande;;;;;;;;;;;;;;;
I3420;;Autocentro;Pequeno;;;;;;;;;;;;;;;
I3515;;Autocentro;Pequeno;;;;;;;;;;;;;;;
I3516;;Autocentro;Pequeno;;;;;;;;;;;;;;;
I3599;;Varejo;Pequeno;;;;;;;;;;;;;;;
I3633;;Autocentro;Grande;;;;;;;;;;;;;;;
I3640;;Autocentro;Grande;;;;;;;;;;;;;;;
I3676;;Autocentro;Pequeno;;;;;;;;;;;;;;;
I3678;;Autocentro;Pequeno;;;;;;;;;;;;;;;
I3705;;Varejo;Grande;;;;;;;;;;;;;;;
I3708;;Varejo;Pequeno;;;;;;;;;;;;;;;
I3717;;Varejo;Pequeno;;;;;;;;;;;;;;;
I3728;;Varejo;Pequeno;;;;;;;;;;;;;;;
I3736;;Autocentro;Grande;;;;;;;;;;;;;;;
I3741;;Varejo;Pequeno;;;;;;;;;;;;;;;
I3756;;Autocentro;Pequeno;;;;;;;;;;;;;;;
I3767;;Autocentro;Grande;;;;;;;;;;;;;;;
I3789;;Não qualificado;;;;;;;;;;;;;;;;
I3917;;Autocentro;Grande;;;;;;;;;;;;;;;
I3918;;Autocentro;Pequeno;;;;;;;;;;;;;;;
I3922;;Varejo;Pequeno;;;;;;;;;;;;;;;
I3923;;Autocentro;Pequeno;;;;;;;;;;;;;;;
I3933;;Varejo;Pequeno;;;;;;;;;;;;;;;
I3945;;Varejo;Pequeno;;;;;;;;;;;;;;;
I3956;;Autocentro;Pequeno;;;;;;;;;;;;;;;
I3958;;Autocentro;Grande;;;;;;;;;;;;;;;
I3959;;Varejo;Grande;;;;;;;;;;;;;;;
I3961;;Autocentro;Pequeno;;;;;;;;;;;;;;;
I3963;;Varejo;Grande;;;;;;;;;;;;;;;
I3974;;Autocentro;Pequeno;;;;;;;;;;;;;;;
I3983;;Autocentro;Pequeno;;;;;;;;;;;;;;;
I3987;;Autocentro;Pequeno;;;;;;;;;;;;;;;
I4002;;Autocentro;Pequeno;;;;;;;;;;;;;;;
I4012;;Autocentro;Grande;;;;;;;;;;;;;;;
I4015;;Autocentro;Grande;;;;;;;;;;;;;;;
I4018;;Varejo;Pequeno;;;;;;;;;;;;;;;
I4063;;Autocentro;Pequeno;;;;;;;;;;;;;;;
I4070;;Autocentro;Grande;;;;;;;;;;;;;;;
I4086;;Varejo;Grande;;;;;;;;;;;;;;;
I4097;;Não qualificado;;;;;;;;;;;;;;;;
I4115;;Autocentro;Pequeno;;;;;;;;;;;;;;;
I4128;;Não qualificado;;;;;;;;;;;;;;;;
I4131;;Autocentro;Pequeno;;;;;;;;;;;;;;;
I4136;;Varejo;Grande;;;;;;;;;;;;;;;
I4141;;Autocentro;Pequeno;;;;;;;;;;;;;;;
I4142;;Autocentro;Pequeno;;;;;;;;;;;;;;;
I4145;;Autocentro;Pequeno;;;;;;;;;;;;;;;
I4147;;Varejo;Pequeno;;;;;;;;;;;;;;;
I4148;;Autocentro;Pequeno;;;;;;;;;;;;;;;
I4154;;Autocentro;Pequeno;;;;;;;;;;;;;;;
I4157;;Autocentro;Pequeno;;;;;;;;;;;;;;;
I4159;;Autocentro;Pequeno;;;;;;;;;;;;;;;
I4161;;Autocentro;Pequeno;;;;;;;;;;;;;;;
I4162;;Autocentro;Pequeno;;;;;;;;;;;;;;;
I4172;;Autocentro;Pequeno;;;;;;;;;;;;;;;
I4179;;Autocentro;Pequeno;;;;;;;;;;;;;;;
I4187;;Varejo;Pequeno;;;;;;;;;;;;;;;
I4198;;Autocentro;Pequeno;;;;;;;;;;;;;;;
I4199;;Autocentro;Pequeno;;;;;;;;;;;;;;;
I4208;;Autocentro;Pequeno;;;;;;;;;;;;;;;
I4210;;Autocentro;Pequeno;;;;;;;;;;;;;;;
I4211;;Autocentro;Pequeno;;;;;;;;;;;;;;;
I4218;;Autocentro;Pequeno;;;;;;;;;;;;;;;
I4221;;Autocentro;Pequeno;;;;;;;;;;;;;;;
I4231;;Autocentro;Pequeno;;;;;;;;;;;;;;;
I4237;;Autocentro;Pequeno;;;;;;;;;;;;;;;
I4239;;Autocentro;Pequeno;;;;;;;;;;;;;;;
I4240;;Autocentro;Pequeno;;;;;;;;;;;;;;;
I4252;;Autocentro;Pequeno;;;;;;;;;;;;;;;
I4255;;Autocentro;Pequeno;;;;;;;;;;;;;;;
I4260;;Varejo;Grande;;;;;;;;;;;;;;;
I4261;;Autocentro;Pequeno;;;;;;;;;;;;;;;
I4265;;Autocentro;Pequeno;;;;;;;;;;;;;;;
I4266;;Autocentro;Pequeno;;;;;;;;;;;;;;;
I4270;;Autocentro;Pequeno;;;;;;;;;;;;;;;
I4274;;Autocentro;Pequeno;;;;;;;;;;;;;;;
I4281;;Autocentro;Pequeno;;;;;;;;;;;;;;;
I4282;;Autocentro;Pequeno;;;;;;;;;;;;;;;
I4283;;Autocentro;Pequeno;;;;;;;;;;;;;;;
I4290;;Varejo;Pequeno;;;;;;;;;;;;;;;
I4301;;Autocentro;Pequeno;;;;;;;;;;;;;;;
I4304;;Autocentro;Pequeno;;;;;;;;;;;;;;;
I4307;;Autocentro;Pequeno;;;;;;;;;;;;;;;
I4326;;Autocentro;Pequeno;;;;;;;;;;;;;;;
I4328;;Autocentro;Pequeno;;;;;;;;;;;;;;;
I4329;;Varejo;Pequeno;;;;;;;;;;;;;;;
I4342;;Autocentro;Pequeno;;;;;;;;;;;;;;;
I4343;;Autocentro;Pequeno;;;;;;;;;;;;;;;
I4346;;Autocentro;Pequeno;;;;;;;;;;;;;;;
I4347;;Varejo;Pequeno;;;;;;;;;;;;;;;
I4352;;Autocentro;Pequeno;;;;;;;;;;;;;;;
I4354;;Autocentro;Pequeno;;;;;;;;;;;;;;;
I4357;;Varejo;Pequeno;;;;;;;;;;;;;;;
I4358;;Autocentro;Pequeno;;;;;;;;;;;;;;;
I4361;;Autocentro;Pequeno;;;;;;;;;;;;;;;
I4362;;Varejo;Pequeno;;;;;;;;;;;;;;;
I4367;;Autocentro;Pequeno;;;;;;;;;;;;;;;
I4370;;Autocentro;Pequeno;;;;;;;;;;;;;;;
I4372;;Autocentro;Pequeno;;;;;;;;;;;;;;;
I4375;;Autocentro;Pequeno;;;;;;;;;;;;;;;
I4382;;Autocentro;Pequeno;;;;;;;;;;;;;;;
I4389;;Varejo;Pequeno;;;;;;;;;;;;;;;
I4401;;Autocentro;Pequeno;;;;;;;;;;;;;;;
I4412;;Autocentro;Pequeno;;;;;;;;;;;;;;;
I4413;;Autocentro;Pequeno;;;;;;;;;;;;;;;
I4430;;Varejo;Pequeno;;;;;;;;;;;;;;;
I4442;;Autocentro;Pequeno;;;;;;;;;;;;;;;
I4448;;Autocentro;Grande;;;;;;;;;;;;;;;
I4454;;Autocentro;Pequeno;;;;;;;;;;;;;;;
I4456;;Não qualificado;;;;;;;;;;;;;;;;
I4458;;Autocentro;Pequeno;;;;;;;;;;;;;;;
I4478;;Autocentro;Pequeno;;;;;;;;;;;;;;;
I4505;;Não qualificado;;;;;;;;;;;;;;;;
I4528;;Autocentro;Grande;;;;;;;;;;;;;;;
I4546;;Não qualificado;;;;;;;;;;;;;;;;
I4580;;Varejo;Pequeno;;;;;;;;;;;;;;;
I4582;;Autocentro;Pequeno;;;;;;;;;;;;;;;
I4597;;Autocentro;Pequeno;;;;;;;;;;;;;;;
I4602;;Autocentro;Pequeno;;;;;;;;;;;;;;;
I4610;;Autocentro;Pequeno;;;;;;;;;;;;;;;
I4612;;Autocentro;Pequeno;;;;;;;;;;;;;;;
I4617;;Autocentro;Pequeno;;;;;;;;;;;;;;;
I4618;;Autocentro;Pequeno;;;;;;;;;;;;;;;
I4619;;Autocentro;Pequeno;;;;;;;;;;;;;;;
I4625;;Autocentro;Pequeno;;;;;;;;;;;;;;;
I4628;;Autocentro;Pequeno;;;;;;;;;;;;;;;
I4630;;Autocentro;Pequeno;;;;;;;;;;;;;;;
I4639;;Autocentro;Pequeno;;;;;;;;;;;;;;;
I4641;;Varejo;Pequeno;;;;;;;;;;;;;;;
I4653;;Autocentro;Pequeno;;;;;;;;;;;;;;;
I4666;;Varejo;Pequeno;;;;;;;;;;;;;;;
I4682;;Autocentro;Pequeno;;;;;;;;;;;;;;;
I4692;;Autocentro;Pequeno;;;;;;;;;;;;;;;
I4700;;Varejo;Pequeno;;;;;;;;;;;;;;;
I4702;;Varejo;Grande;;;;;;;;;;;;;;;
I4703;;Autocentro;Pequeno;;;;;;;;;;;;;;;
I4704;;Varejo;Pequeno;;;;;;;;;;;;;;;
I4706;;Varejo;Pequeno;;;;;;;;;;;;;;;
I4717;;Não qualificado;;;;;;;;;;;;;;;;
I4726;;Autocentro;Pequeno;;;;;;;;;;;;;;;
I4728;;Não qualificado;;;;;;;;;;;;;;;;
I4732;;Autocentro;Pequeno;;;;;;;;;;;;;;;
I4733;;Varejo;Pequeno;;;;;;;;;;;;;;;
I4735;;Autocentro;Pequeno;;;;;;;;;;;;;;;
I4737;;Autocentro;Pequeno;;;;;;;;;;;;;;;
I4773;;Autocentro;Pequeno;;;;;;;;;;;;;;;
I4777;;Autocentro;Pequeno;;;;;;;;;;;;;;;
I4778;;Autocentro;Pequeno;;;;;;;;;;;;;;;
I4779;;Autocentro;Pequeno;;;;;;;;;;;;;;;
I4787;;Autocentro;Pequeno;;;;;;;;;;;;;;;
I4792;;Autocentro;Pequeno;;;;;;;;;;;;;;;
I4798;;Autocentro;Pequeno;;;;;;;;;;;;;;;
I4804;;Autocentro;Pequeno;;;;;;;;;;;;;;;
I4807;;Autocentro;Pequeno;;;;;;;;;;;;;;;
I4811;;Autocentro;Pequeno;;;;;;;;;;;;;;;
I4828;;Autocentro;Pequeno;;;;;;;;;;;;;;;
I4832;;Autocentro;Pequeno;;;;;;;;;;;;;;;
I4846;;Autocentro;Pequeno;;;;;;;;;;;;;;;
I4858;;Autocentro;Pequeno;;;;;;;;;;;;;;;
I4859;;Autocentro;Pequeno;;;;;;;;;;;;;;;
I4861;;Autocentro;Pequeno;;;;;;;;;;;;;;;
I4866;;Autocentro;Pequeno;;;;;;;;;;;;;;;
I4876;;Autocentro;Pequeno;;;;;;;;;;;;;;;
I4883;;Autocentro;Pequeno;;;;;;;;;;;;;;;
I4891;;Autocentro;Pequeno;;;;;;;;;;;;;;;
I4901;;Varejo;Pequeno;;;;;;;;;;;;;;;
I4903;;Autocentro;Pequeno;;;;;;;;;;;;;;;
I4937;;Autocentro;Pequeno;;;;;;;;;;;;;;;
I4942;;Autocentro;Pequeno;;;;;;;;;;;;;;;
I4947;;Autocentro;Pequeno;;;;;;;;;;;;;;;
I4952;;Não qualificado;;;;;;;;;;;;;;;;
I4954;;Autocentro;Pequeno;;;;;;;;;;;;;;;
I4955;;Autocentro;Pequeno;;;;;;;;;;;;;;;
I4957;;Autocentro;Pequeno;;;;;;;;;;;;;;;
I4997;;Autocentro;Pequeno;;;;;;;;;;;;;;;
I5002;;Autocentro;Pequeno;;;;;;;;;;;;;;;
I5007;;Não qualificado;;;;;;;;;;;;;;;;
I5016;;Autocentro;Pequeno;;;;;;;;;;;;;;;
I5017;;Autocentro;Pequeno;;;;;;;;;;;;;;;
I5029;;Autocentro;Pequeno;;;;;;;;;;;;;;;
I5030;;Varejo;Pequeno;;;;;;;;;;;;;;;
I5042;;Autocentro;Pequeno;;;;;;;;;;;;;;;
I5044;;Autocentro;Pequeno;;;;;;;;;;;;;;;
I5062;;Autocentro;Pequeno;;;;;;;;;;;;;;;
I5106;;Autocentro;Pequeno;;;;;;;;;;;;;;;
I5111;;Varejo;Grande;;;;;;;;;;;;;;;
I5122;;Varejo;Grande;;;;;;;;;;;;;;;
I5188;;Autocentro;Grande;;;;;;;;;;;;;;;
I5207;;Varejo;Pequeno;;;;;;;;;;;;;;;
I5214;;Autocentro;Grande;;;;;;;;;;;;;;;
I5222;;Autocentro;Grande;;;;;;;;;;;;;;;
I5232;;Varejo;Grande;;;;;;;;;;;;;;;
I5234;;Autocentro;Pequeno;;;;;;;;;;;;;;;
I5236;;Varejo;Pequeno;;;;;;;;;;;;;;;
I5269;;Varejo;Pequeno;;;;;;;;;;;;;;;
I5282;;Varejo;Pequeno;;;;;;;;;;;;;;;
I5307;;Não qualificado;;;;;;;;;;;;;;;;
I5322;;Varejo;Pequeno;;;;;;;;;;;;;;;
I5371;;Autocentro;Pequeno;;;;;;;;;;;;;;;
I5387;;Autocentro;Grande;;;;;;;;;;;;;;;
I5404;;Não qualificado;;;;;;;;;;;;;;;;
I5415;;Autocentro;Pequeno;;;;;;;;;;;;;;;
I5422;;Varejo;Grande;;;;;;;;;;;;;;;
I5428;;Autocentro;Pequeno;;;;;;;;;;;;;;;
I5434;;Não qualificado;;;;;;;;;;;;;;;;
I5443;;Varejo;Pequeno;;;;;;;;;;;;;;;
I5459;;Autocentro;Pequeno;;;;;;;;;;;;;;;
I5472;;Varejo;Grande;;;;;;;;;;;;;;;
I5482;;Não qualificado;;;;;;;;;;;;;;;;
I5489;;Autocentro;Pequeno;;;;;;;;;;;;;;;
I5491;;Não qualificado;;;;;;;;;;;;;;;;
I5511;;Varejo;Pequeno;;;;;;;;;;;;;;;
I5513;;Não qualificado;;;;;;;;;;;;;;;;
I5519;;Varejo;Pequeno;;;;;;;;;;;;;;;
I5522;;Autocentro;Pequeno;;;;;;;;;;;;;;;
I5531;;Autocentro;Pequeno;;;;;;;;;;;;;;;
I5532;;Autocentro;Grande;;;;;;;;;;;;;;;
I5539;;Varejo;Grande;;;;;;;;;;;;;;;
I5540;;Varejo;Pequeno;;;;;;;;;;;;;;;
I5542;;Autocentro;Grande;;;;;;;;;;;;;;;
I5553;;Autocentro;Grande;;;;;;;;;;;;;;;
I5570;;Autocentro;Pequeno;;;;;;;;;;;;;;;
I5574;;Não qualificado;;;;;;;;;;;;;;;;
I5595;;Autocentro;Pequeno;;;;;;;;;;;;;;;
I5597;;Varejo;Grande;;;;;;;;;;;;;;;
I5599;;Autocentro;Pequeno;;;;;;;;;;;;;;;
I5602;;Autocentro;Pequeno;;;;;;;;;;;;;;;
I5619;;Varejo;Grande;;;;;;;;;;;;;;;
I5633;;Autocentro;Pequeno;;;;;;;;;;;;;;;
I5646;;Autocentro;Pequeno;;;;;;;;;;;;;;;
I5649;;Autocentro;Pequeno;;;;;;;;;;;;;;;
I5654;;Autocentro;Grande;;;;;;;;;;;;;;;
I5663;;Autocentro;Grande;;;;;;;;;;;;;;;
I5664;;Varejo;Pequeno;;;;;;;;;;;;;;;
I5693;;Não qualificado;;;;;;;;;;;;;;;;
I5714;;Autocentro;Pequeno;;;;;;;;;;;;;;;
I5720;;Autocentro;Pequeno;;;;;;;;;;;;;;;
I5724;;Autocentro;Pequeno;;;;;;;;;;;;;;;
I5737;;Varejo;Grande;;;;;;;;;;;;;;;
I5746;;Varejo;Pequeno;;;;;;;;;;;;;;;
I5757;;Autocentro;Pequeno;;;;;;;;;;;;;;;
I5758;;Autocentro;Grande;;;;;;;;;;;;;;;
I5759;;Autocentro;Pequeno;;;;;;;;;;;;;;;
I5762;;Varejo;Pequeno;;;;;;;;;;;;;;;
I5763;;Não qualificado;;;;;;;;;;;;;;;;
I5764;;Autocentro;Pequeno;;;;;;;;;;;;;;;
I5769;;Autocentro;Grande;;;;;;;;;;;;;;;
I5792;;Autocentro;Pequeno;;;;;;;;;;;;;;;
I5795;;Autocentro;Pequeno;;;;;;;;;;;;;;;
I5817;;Não qualificado;;;;;;;;;;;;;;;;
I5833;;Autocentro;Pequeno;;;;;;;;;;;;;;;
I5835;;Autocentro;Pequeno;;;;;;;;;;;;;;;
I5853;;Varejo;Pequeno;;;;;;;;;;;;;;;
I5856;;Varejo;Pequeno;;;;;;;;;;;;;;;
I5858;;Varejo;Pequeno;;;;;;;;;;;;;;;
I5869;;Autocentro;Pequeno;;;;;;;;;;;;;;;
I5871;;Autocentro;Pequeno;;;;;;;;;;;;;;;
I5874;;Autocentro;Pequeno;;;;;;;;;;;;;;;
I5887;;Varejo;Pequeno;;;;;;;;;;;;;;;
I5892;;Varejo;Pequeno;;;;;;;;;;;;;;;
I5897;;Autocentro;Pequeno;;;;;;;;;;;;;;;
I5899;;Autocentro;Pequeno;;;;;;;;;;;;;;;
I5901;;Autocentro;Pequeno;;;;;;;;;;;;;;;
I5904;;Autocentro;Pequeno;;;;;;;;;;;;;;;
I5907;;Autocentro;Pequeno;;;;;;;;;;;;;;;
I5909;;Autocentro;Pequeno;;;;;;;;;;;;;;;
I5911;;Varejo;Pequeno;;;;;;;;;;;;;;;
I5919;;Autocentro;Pequeno;;;;;;;;;;;;;;;
I5920;;Autocentro;Pequeno;;;;;;;;;;;;;;;
I5921;;Autocentro;Pequeno;;;;;;;;;;;;;;;
I5923;;Não qualificado;;;;;;;;;;;;;;;;
I5925;;Autocentro;Grande;;;;;;;;;;;;;;;
I5928;;Varejo;Pequeno;;;;;;;;;;;;;;;
I5929;;Autocentro;Pequeno;;;;;;;;;;;;;;;
I5933;;Autocentro;Pequeno;;;;;;;;;;;;;;;
I5936;;Autocentro;Pequeno;;;;;;;;;;;;;;;
I5938;;Varejo;Grande;;;;;;;;;;;;;;;
I5941;;Autocentro;Pequeno;;;;;;;;;;;;;;;
I5949;;Varejo;Pequeno;;;;;;;;;;;;;;;
I5951;;Autocentro;Pequeno;;;;;;;;;;;;;;;
I5953;;Autocentro;Pequeno;;;;;;;;;;;;;;;
I5954;;Autocentro;Pequeno;;;;;;;;;;;;;;;
I5957;;Autocentro;Pequeno;;;;;;;;;;;;;;;
I5968;;Autocentro;Pequeno;;;;;;;;;;;;;;;
I5971;;Varejo;Pequeno;;;;;;;;;;;;;;;
I5987;;Autocentro;Pequeno;;;;;;;;;;;;;;;
I5994;;Autocentro;Pequeno;;;;;;;;;;;;;;;
I5996;;Varejo;Pequeno;;;;;;;;;;;;;;;
I5998;;Autocentro;Pequeno;;;;;;;;;;;;;;;
I6001;;Varejo;Grande;;;;;;;;;;;;;;;
I6003;;Varejo;Grande;;;;;;;;;;;;;;;
I6004;;Varejo;Grande;;;;;;;;;;;;;;;
I6005;;Varejo;Grande;;;;;;;;;;;;;;;
I6006;;Varejo;Grande;;;;;;;;;;;;;;;
I6007;;Varejo;Grande;;;;;;;;;;;;;;;
I6009;;Varejo;Grande;;;;;;;;;;;;;;;
I6010;;Varejo;Grande;;;;;;;;;;;;;;;
I6011;;Varejo;Grande;;;;;;;;;;;;;;;
I6012;;Varejo;Grande;;;;;;;;;;;;;;;
I6013;;Varejo;Grande;;;;;;;;;;;;;;;
I6026;;Autocentro;Pequeno;;;;;;;;;;;;;;;
I6029;;Autocentro;Pequeno;;;;;;;;;;;;;;;
I6040;;Autocentro;Pequeno;;;;;;;;;;;;;;;
I6049;;Varejo;Pequeno;;;;;;;;;;;;;;;
I6051;;Autocentro;Pequeno;;;;;;;;;;;;;;;
I6053;;Autocentro;Pequeno;;;;;;;;;;;;;;;
I6054;;Varejo;Pequeno;;;;;;;;;;;;;;;
I6058;;Autocentro;Pequeno;;;;;;;;;;;;;;;
I6061;;Autocentro;Pequeno;;;;;;;;;;;;;;;
I6063;;Autocentro;Pequeno;;;;;;;;;;;;;;;
I6066;;Autocentro;Pequeno;;;;;;;;;;;;;;;
I6072;;Autocentro;Pequeno;;;;;;;;;;;;;;;
I6074;;Autocentro;Pequeno;;;;;;;;;;;;;;;
I6076;;Autocentro;Pequeno;;;;;;;;;;;;;;;
I6079;;Autocentro;Pequeno;;;;;;;;;;;;;;;
I6084;;Autocentro;Pequeno;;;;;;;;;;;;;;;
I6086;;Autocentro;Pequeno;;;;;;;;;;;;;;;
I6087;;Varejo;Pequeno;;;;;;;;;;;;;;;
I6090;;Autocentro;Pequeno;;;;;;;;;;;;;;;
I6091;;Varejo;Pequeno;;;;;;;;;;;;;;;
I6095;;Autocentro;Pequeno;;;;;;;;;;;;;;;
I6097;;Varejo;Pequeno;;;;;;;;;;;;;;;
I6100;;Autocentro;Pequeno;;;;;;;;;;;;;;;
I6108;;Autocentro;Pequeno;;;;;;;;;;;;;;;
I6112;;Autocentro;Pequeno;;;;;;;;;;;;;;;
I6114;;Varejo;Pequeno;;;;;;;;;;;;;;;
I6116;;Autocentro;Pequeno;;;;;;;;;;;;;;;
I6134;;Autocentro;Pequeno;;;;;;;;;;;;;;;
I6135;;Autocentro;Pequeno;;;;;;;;;;;;;;;
I6138;;Autocentro;Pequeno;;;;;;;;;;;;;;;
I6143;;Autocentro;Pequeno;;;;;;;;;;;;;;;
I6151;;Autocentro;Pequeno;;;;;;;;;;;;;;;
I6152;;Varejo;Pequeno;;;;;;;;;;;;;;;
I6153;;Autocentro;Pequeno;;;;;;;;;;;;;;;
I6160;;Autocentro;Pequeno;;;;;;;;;;;;;;;
I6167;;Autocentro;Pequeno;;;;;;;;;;;;;;;
I6173;;Autocentro;Pequeno;;;;;;;;;;;;;;;
I6182;;Autocentro;Pequeno;;;;;;;;;;;;;;;
I6183;;Autocentro;Pequeno;;;;;;;;;;;;;;;
I6198;;Autocentro;Pequeno;;;;;;;;;;;;;;;
I6201;;Autocentro;Pequeno;;;;;;;;;;;;;;;
I6203;;Autocentro;Pequeno;;;;;;;;;;;;;;;
I6217;;Autocentro;Pequeno;;;;;;;;;;;;;;;
I6236;;Autocentro;Pequeno;;;;;;;;;;;;;;;
I6238;;Varejo;Pequeno;;;;;;;;;;;;;;;
I6241;;Varejo;Pequeno;;;;;;;;;;;;;;;
I6246;;Autocentro;Pequeno;;;;;;;;;;;;;;;
I6258;;Autocentro;Pequeno;;;;;;;;;;;;;;;
I6267;;Autocentro;Pequeno;;;;;;;;;;;;;;;
I6288;;Autocentro;Pequeno;;;;;;;;;;;;;;;
I6290;;Autocentro;Pequeno;;;;;;;;;;;;;;;
I6294;;Autocentro;Pequeno;;;;;;;;;;;;;;;
I6296;;Autocentro;Pequeno;;;;;;;;;;;;;;;
I6297;;Autocentro;Grande;;;;;;;;;;;;;;;
I6300;;Autocentro;Pequeno;;;;;;;;;;;;;;;
I6301;;Autocentro;Pequeno;;;;;;;;;;;;;;;
I6302;;Autocentro;Pequeno;;;;;;;;;;;;;;;
I6308;;Autocentro;Pequeno;;;;;;;;;;;;;;;
I6323;;Autocentro;Pequeno;;;;;;;;;;;;;;;
I6324;;Autocentro;Pequeno;;;;;;;;;;;;;;;
I6326;;Varejo;Pequeno;;;;;;;;;;;;;;;
I6330;;Autocentro;Pequeno;;;;;;;;;;;;;;;
I6332;;Autocentro;Pequeno;;;;;;;;;;;;;;;
I6334;;Autocentro;Pequeno;;;;;;;;;;;;;;;
I6339;;Varejo;Pequeno;;;;;;;;;;;;;;;
I6341;;Autocentro;Pequeno;;;;;;;;;;;;;;;
I6347;;Autocentro;Pequeno;;;;;;;;;;;;;;;
I6353;;Varejo;Pequeno;;;;;;;;;;;;;;;
I6364;;Varejo;Pequeno;;;;;;;;;;;;;;;
I6365;;Autocentro;Pequeno;;;;;;;;;;;;;;;
I6379;;Varejo;Pequeno;;;;;;;;;;;;;;;
I6384;;Varejo;Pequeno;;;;;;;;;;;;;;;
I6396;;Não qualificado;;;;;;;;;;;;;;;;
I6402;;Varejo;Grande;;;;;;;;;;;;;;;
I6405;;Autocentro;Pequeno;;;;;;;;;;;;;;;
I6431;;Não qualificado;;;;;;;;;;;;;;;;
I6437;;Varejo;Pequeno;;;;;;;;;;;;;;;
I6447;;Autocentro;Pequeno;;;;;;;;;;;;;;;
I6454;;Autocentro;Pequeno;;;;;;;;;;;;;;;
I6456;;Não qualificado;;;;;;;;;;;;;;;;
I6458;;Autocentro;Grande;;;;;;;;;;;;;;;
I6461;;Autocentro;Pequeno;;;;;;;;;;;;;;;
I6462;;Autocentro;Pequeno;;;;;;;;;;;;;;;
I6471;;Varejo;Pequeno;;;;;;;;;;;;;;;
I6492;;Varejo;Pequeno;;;;;;;;;;;;;;;
I6496;;Autocentro;Pequeno;;;;;;;;;;;;;;;
I6497;;Autocentro;Pequeno;;;;;;;;;;;;;;;
I6498;;Autocentro;Grande;;;;;;;;;;;;;;;
I6500;;Autocentro;Pequeno;;;;;;;;;;;;;;;
I6508;;Autocentro;Pequeno;;;;;;;;;;;;;;;
I6511;;Não qualificado;;;;;;;;;;;;;;;;
I6512;;Autocentro;Pequeno;;;;;;;;;;;;;;;
I6513;;Autocentro;Pequeno;;;;;;;;;;;;;;;
I6516;;Autocentro;Pequeno;;;;;;;;;;;;;;;
I6517;;Varejo;Pequeno;;;;;;;;;;;;;;;
I6518;;Autocentro;Pequeno;;;;;;;;;;;;;;;
I6519;;Não qualificado;;;;;;;;;;;;;;;;
I6521;;Autocentro;Pequeno;;;;;;;;;;;;;;;
I6523;;Varejo;Pequeno;;;;;;;;;;;;;;;
I6525;;Autocentro;Pequeno;;;;;;;;;;;;;;;
I6527;;Autocentro;Pequeno;;;;;;;;;;;;;;;
I6531;;Autocentro;Pequeno;;;;;;;;;;;;;;;
I6533;;Autocentro;Pequeno;;;;;;;;;;;;;;;
I6538;;Autocentro;Pequeno;;;;;;;;;;;;;;;
I6540;;Autocentro;Pequeno;;;;;;;;;;;;;;;
I6547;;Autocentro;Pequeno;;;;;;;;;;;;;;;
I6550;;Autocentro;Pequeno;;;;;;;;;;;;;;;
I6554;;Varejo;Pequeno;;;;;;;;;;;;;;;
I6566;;Autocentro;Pequeno;;;;;;;;;;;;;;;
I6577;;Não qualificado;;;;;;;;;;;;;;;;
I6584;;Autocentro;Pequeno;;;;;;;;;;;;;;;
I6586;;Autocentro;Pequeno;;;;;;;;;;;;;;;
I6589;;Autocentro;Grande;;;;;;;;;;;;;;;
I6607;;Varejo;Pequeno;;;;;;;;;;;;;;;
I6614;;Autocentro;Pequeno;;;;;;;;;;;;;;;
I6616;;Autocentro;Pequeno;;;;;;;;;;;;;;;
I6620;;Varejo;Pequeno;;;;;;;;;;;;;;;
I6621;;Autocentro;Pequeno;;;;;;;;;;;;;;;
I6625;;Não qualificado;;;;;;;;;;;;;;;;
I6637;;Autocentro;Pequeno;;;;;;;;;;;;;;;
I6646;;Autocentro;Pequeno;;;;;;;;;;;;;;;
I6647;;Autocentro;Pequeno;;;;;;;;;;;;;;;
I6648;;Autocentro;Pequeno;;;;;;;;;;;;;;;
I6650;;Autocentro;Pequeno;;;;;;;;;;;;;;;
I6652;;Autocentro;Pequeno;;;;;;;;;;;;;;;
I6675;;Não qualificado;;;;;;;;;;;;;;;;
I6679;;Autocentro;Pequeno;;;;;;;;;;;;;;;
I6683;;Varejo;Pequeno;;;;;;;;;;;;;;;
I6698;;Varejo;Pequeno;;;;;;;;;;;;;;;
I6704;;Autocentro;Pequeno;;;;;;;;;;;;;;;
I6705;;Autocentro;Pequeno;;;;;;;;;;;;;;;
I6711;;Varejo;Pequeno;;;;;;;;;;;;;;;
I6715;;Não qualificado;;;;;;;;;;;;;;;;
I6719;;Autocentro;Grande;;;;;;;;;;;;;;;
I6720;;Varejo;Grande;;;;;;;;;;;;;;;
I6727;;Não qualificado;;;;;;;;;;;;;;;;
I6735;;Autocentro;Pequeno;;;;;;;;;;;;;;;
I6738;;Não qualificado;;;;;;;;;;;;;;;;
I6740;;Varejo;Pequeno;;;;;;;;;;;;;;;
I6756;;Autocentro;Pequeno;;;;;;;;;;;;;;;
I6766;;Autocentro;Pequeno;;;;;;;;;;;;;;;
I6767;;Autocentro;Pequeno;;;;;;;;;;;;;;;
I6779;;Autocentro;Pequeno;;;;;;;;;;;;;;;
I6786;;Autocentro;Pequeno;;;;;;;;;;;;;;;
I6793;;Autocentro;Pequeno;;;;;;;;;;;;;;;
I6799;;Autocentro;Pequeno;;;;;;;;;;;;;;;
I6800;;Autocentro;Pequeno;;;;;;;;;;;;;;;
I6807;;Autocentro;Grande;;;;;;;;;;;;;;;
I6845;;Varejo;Grande;;;;;;;;;;;;;;;
I6847;;Autocentro;Grande;;;;;;;;;;;;;;;
I6941;;Não qualificado;;;;;;;;;;;;;;;;
I6964;;Autocentro;Pequeno;;;;;;;;;;;;;;;
I6993;;Autocentro;Pequeno;;;;;;;;;;;;;;;
I7014;;Não qualificado;;;;;;;;;;;;;;;;
I7027;;Não qualificado;;;;;;;;;;;;;;;;
I7056;;Autocentro;Pequeno;;;;;;;;;;;;;;;
I7103;;Varejo;Pequeno;;;;;;;;;;;;;;;
I7106;;Autocentro;Pequeno;;;;;;;;;;;;;;;
I7129;;Não qualificado;;;;;;;;;;;;;;;;
I7136;;Não qualificado;;;;;;;;;;;;;;;;
I7141;;Não qualificado;;;;;;;;;;;;;;;;
I7144;;Varejo;Pequeno;;;;;;;;;;;;;;;
I7146;;Autocentro;Pequeno;;;;;;;;;;;;;;;
I7165;;Não qualificado;;;;;;;;;;;;;;;;
I7194;;Autocentro;Pequeno;;;;;;;;;;;;;;;
I7267;;Varejo;Grande;;;;;;;;;;;;;;;
I7333;;Autocentro;Grande;;;;;;;;;;;;;;;
001719;;Varejo;Pequeno;;;;;;;;;;;;;;;
002620;;Varejo;Grande;;;;;;;;;;;;;;;
003832;;Varejo;Grande;;;;;;;;;;;;;;;
004391;;Autocentro;Grande;;;;;;;;;;;;;;;
004393;;Varejo;Pequeno;;;;;;;;;;;;;;;
004521;;Varejo;Pequeno;;;;;;;;;;;;;;;
004586;;Varejo;Grande;;;;;;;;;;;;;;;
005656;;Autocentro;Pequeno;;;;;;;;;;;;;;;
006106;;Varejo;Pequeno;;;;;;;;;;;;;;;
006156;;Autocentro;Pequeno;;;;;;;;;;;;;;;
006830;;Autocentro;Pequeno;;;;;;;;;;;;;;;
008363;;Autocentro;Grande;;;;;;;;;;;;;;;
009107;;Varejo;Pequeno;;;;;;;;;;;;;;;
009631;;Autocentro;Pequeno;;;;;;;;;;;;;;;
009772;;Autocentro;Pequeno;;;;;;;;;;;;;;;
010323;;Autocentro;Pequeno;;;;;;;;;;;;;;;
010509;;Autocentro;Grande;;;;;;;;;;;;;;;
010526;;Autocentro;Pequeno;;;;;;;;;;;;;;;
011011;;Autocentro;Pequeno;;;;;;;;;;;;;;;
011356;;Autocentro;Pequeno;;;;;;;;;;;;;;;
011820;;Autocentro;Grande;;;;;;;;;;;;;;;
011996;;Varejo;Grande;;;;;;;;;;;;;;;
012044;;Autocentro;Pequeno;;;;;;;;;;;;;;;
012883;;Não qualificado;;;;;;;;;;;;;;;;
013427;;Autocentro;Pequeno;;;;;;;;;;;;;;;
014725;;Autocentro;Pequeno;;;;;;;;;;;;;;;
014984;;Autocentro;Pequeno;;;;;;;;;;;;;;;
015742;;Autocentro;Pequeno;;;;;;;;;;;;;;;
015913;;Varejo;Grande;;;;;;;;;;;;;;;
016116;;Autocentro;Pequeno;;;;;;;;;;;;;;;
016122;;Autocentro;Grande;;;;;;;;;;;;;;;
016280;;Autocentro;Pequeno;;;;;;;;;;;;;;;
016495;;Autocentro;Grande;;;;;;;;;;;;;;;
016558;;Varejo;Grande;;;;;;;;;;;;;;;
016602;;Autocentro;Pequeno;;;;;;;;;;;;;;;
016663;;Autocentro;Pequeno;;;;;;;;;;;;;;;
016780;;Autocentro;Grande;;;;;;;;;;;;;;;
016866;;Autocentro;Pequeno;;;;;;;;;;;;;;;
016874;;Autocentro;Pequeno;;;;;;;;;;;;;;;
016908;;Varejo;Pequeno;;;;;;;;;;;;;;;
017091;;Autocentro;Grande;;;;;;;;;;;;;;;
017116;;Autocentro;Pequeno;;;;;;;;;;;;;;;
017129;;Não qualificado;;;;;;;;;;;;;;;;
017188;;Autocentro;Pequeno;;;;;;;;;;;;;;;
017202;;Autocentro;Pequeno;;;;;;;;;;;;;;;
017204;;Autocentro;Pequeno;;;;;;;;;;;;;;;
017209;;Varejo;Pequeno;;;;;;;;;;;;;;;
017222;;Autocentro;Pequeno;;;;;;;;;;;;;;;
017260;;Varejo;Grande;;;;;;;;;;;;;;;
017300;;Autocentro;Grande;;;;;;;;;;;;;;;
017315;;Autocentro;Pequeno;;;;;;;;;;;;;;;
017334;;Varejo;Grande;;;;;;;;;;;;;;;
017420;;Autocentro;Pequeno;;;;;;;;;;;;;;;
017485;;Autocentro;Pequeno;;;;;;;;;;;;;;;
017487;;Autocentro;Pequeno;;;;;;;;;;;;;;;
017594;;Autocentro;Pequeno;;;;;;;;;;;;;;;
017715;;Autocentro;Pequeno;;;;;;;;;;;;;;;
017821;;Autocentro;Pequeno;;;;;;;;;;;;;;;
017864;;Varejo;Grande;;;;;;;;;;;;;;;
017925;;Não qualificado;;;;;;;;;;;;;;;;
018087;;Autocentro;Pequeno;;;;;;;;;;;;;;;
018273;;Autocentro;Pequeno;;;;;;;;;;;;;;;
018758;;Autocentro;Pequeno;;;;;;;;;;;;;;;
018811;;Varejo;Grande;;;;;;;;;;;;;;;
018860;;Autocentro;Pequeno;;;;;;;;;;;;;;;
019059;;Autocentro;Pequeno;;;;;;;;;;;;;;;
019128;;Autocentro;Pequeno;;;;;;;;;;;;;;;
019168;;Autocentro;Pequeno;;;;;;;;;;;;;;;
019225;;Não qualificado;;;;;;;;;;;;;;;;
019326;;Autocentro;Pequeno;;;;;;;;;;;;;;;
019327;;Autocentro;Pequeno;;;;;;;;;;;;;;;
019461;;Autocentro;Pequeno;;;;;;;;;;;;;;;
019529;;Autocentro;Pequeno;;;;;;;;;;;;;;;
019565;;Autocentro;Pequeno;;;;;;;;;;;;;;;
019591;;Autocentro;Pequeno;;;;;;;;;;;;;;;
019675;;Autocentro;Pequeno;;;;;;;;;;;;;;;
019763;;Autocentro;Pequeno;;;;;;;;;;;;;;;
019788;;Varejo;Pequeno;;;;;;;;;;;;;;;
019814;;Varejo;Pequeno;;;;;;;;;;;;;;;
019844;;Autocentro;Pequeno;;;;;;;;;;;;;;;
020042;;Autocentro;Pequeno;;;;;;;;;;;;;;;
020167;;Autocentro;Pequeno;;;;;;;;;;;;;;;
020186;;Autocentro;Pequeno;;;;;;;;;;;;;;;
020190;;Autocentro;Pequeno;;;;;;;;;;;;;;;
020231;;Autocentro;Pequeno;;;;;;;;;;;;;;;
020402;;Autocentro;Pequeno;;;;;;;;;;;;;;;
020479;;Autocentro;Pequeno;;;;;;;;;;;;;;;
020494;;Autocentro;Pequeno;;;;;;;;;;;;;;;
020512;;Autocentro;Pequeno;;;;;;;;;;;;;;;
020543;;Autocentro;Pequeno;;;;;;;;;;;;;;;
020696;;Varejo;Pequeno;;;;;;;;;;;;;;;
020711;;Varejo;Grande;;;;;;;;;;;;;;;
020808;;Autocentro;Pequeno;;;;;;;;;;;;;;;
020842;;Autocentro;Pequeno;;;;;;;;;;;;;;;
021152;;Autocentro;Pequeno;;;;;;;;;;;;;;;
021266;;Autocentro;Pequeno;;;;;;;;;;;;;;;
021783;;Varejo;Pequeno;;;;;;;;;;;;;;;
021954;;Autocentro;Pequeno;;;;;;;;;;;;;;;
022064;;Autocentro;Pequeno;;;;;;;;;;;;;;;
022233;;Autocentro;Pequeno;;;;;;;;;;;;;;;
022266;;Autocentro;Pequeno;;;;;;;;;;;;;;;
022268;;Autocentro;Pequeno;;;;;;;;;;;;;;;
022269;;Autocentro;Pequeno;;;;;;;;;;;;;;;
022394;;Autocentro;Pequeno;;;;;;;;;;;;;;;
022397;;Autocentro;Pequeno;;;;;;;;;;;;;;;
022426;;Autocentro;Pequeno;;;;;;;;;;;;;;;
022433;;Autocentro;Pequeno;;;;;;;;;;;;;;;
022451;;Autocentro;Pequeno;;;;;;;;;;;;;;;
022579;;Autocentro;Pequeno;;;;;;;;;;;;;;;
022702;;Varejo;Pequeno;;;;;;;;;;;;;;;
022757;;Autocentro;Pequeno;;;;;;;;;;;;;;;
022793;;Autocentro;Pequeno;;;;;;;;;;;;;;;
022847;;Autocentro;Pequeno;;;;;;;;;;;;;;;
022865;;Autocentro;Pequeno;;;;;;;;;;;;;;;
022985;;Autocentro;Pequeno;;;;;;;;;;;;;;;
022995;;Autocentro;Pequeno;;;;;;;;;;;;;;;
023150;;Autocentro;Pequeno;;;;;;;;;;;;;;;
023165;;Autocentro;Pequeno;;;;;;;;;;;;;;;
023421;;Varejo;Pequeno;;;;;;;;;;;;;;;
023428;;Autocentro;Pequeno;;;;;;;;;;;;;;;
023446;;Autocentro;Pequeno;;;;;;;;;;;;;;;
023465;;Autocentro;Pequeno;;;;;;;;;;;;;;;
023471;;Autocentro;Pequeno;;;;;;;;;;;;;;;
023474;;Autocentro;Grande;;;;;;;;;;;;;;;
023475;;Autocentro;Pequeno;;;;;;;;;;;;;;;
023479;;Autocentro;Grande;;;;;;;;;;;;;;;
023529;;Autocentro;Pequeno;;;;;;;;;;;;;;;
023551;;Autocentro;Pequeno;;;;;;;;;;;;;;;
023589;;Autocentro;Grande;;;;;;;;;;;;;;;
023675;;Autocentro;Pequeno;;;;;;;;;;;;;;;
023729;;Varejo;Pequeno;;;;;;;;;;;;;;;
023750;;Autocentro;Pequeno;;;;;;;;;;;;;;;
023784;;Autocentro;Pequeno;;;;;;;;;;;;;;;
023825;;Autocentro;Pequeno;;;;;;;;;;;;;;;
023955;;Varejo;Grande;;;;;;;;;;;;;;;
023956;;Varejo;Grande;;;;;;;;;;;;;;;
023958;;Varejo;Grande;;;;;;;;;;;;;;;
023960;;Varejo;Grande;;;;;;;;;;;;;;;
023962;;Varejo;Grande;;;;;;;;;;;;;;;
023964;;Autocentro;Grande;;;;;;;;;;;;;;;
023965;;Varejo;Pequeno;;;;;;;;;;;;;;;
023967;;Varejo;Pequeno;;;;;;;;;;;;;;;
023969;;Varejo;Grande;;;;;;;;;;;;;;;
023972;;Varejo;Grande;;;;;;;;;;;;;;;
023978;;Varejo;Grande;;;;;;;;;;;;;;;
023980;;Varejo;Grande;;;;;;;;;;;;;;;
023983;;Varejo;Grande;;;;;;;;;;;;;;;
023984;;Varejo;Grande;;;;;;;;;;;;;;;
023989;;Varejo;Grande;;;;;;;;;;;;;;;
023991;;Autocentro;Grande;;;;;;;;;;;;;;;
023997;;Varejo;Grande;;;;;;;;;;;;;;;
024003;;Varejo;Grande;;;;;;;;;;;;;;;
024008;;Varejo;Pequeno;;;;;;;;;;;;;;;
024024;;Varejo;Grande;;;;;;;;;;;;;;;
024034;;Varejo;Grande;;;;;;;;;;;;;;;
024084;;Autocentro;Pequeno;;;;;;;;;;;;;;;
024088;;Autocentro;Pequeno;;;;;;;;;;;;;;;
024092;;Autocentro;Pequeno;;;;;;;;;;;;;;;
024093;;Varejo;Pequeno;;;;;;;;;;;;;;;
024101;;Autocentro;Pequeno;;;;;;;;;;;;;;;
024105;;Varejo;Pequeno;;;;;;;;;;;;;;;
024107;;Autocentro;Pequeno;;;;;;;;;;;;;;;
024108;;Autocentro;Pequeno;;;;;;;;;;;;;;;
024116;;Autocentro;Pequeno;;;;;;;;;;;;;;;
024124;;Autocentro;Pequeno;;;;;;;;;;;;;;;
024132;;Autocentro;Pequeno;;;;;;;;;;;;;;;
024151;;Autocentro;Pequeno;;;;;;;;;;;;;;;
024156;;Autocentro;Pequeno;;;;;;;;;;;;;;;
024158;;Autocentro;Pequeno;;;;;;;;;;;;;;;
024159;;Autocentro;Pequeno;;;;;;;;;;;;;;;
024166;;Autocentro;Pequeno;;;;;;;;;;;;;;;
024169;;Autocentro;Pequeno;;;;;;;;;;;;;;;
024183;;Autocentro;Pequeno;;;;;;;;;;;;;;;
024184;;Autocentro;Grande;;;;;;;;;;;;;;;
024187;;Autocentro;Grande;;;;;;;;;;;;;;;
024188;;Autocentro;Pequeno;;;;;;;;;;;;;;;
024192;;Autocentro;Grande;;;;;;;;;;;;;;;
024201;;Varejo;Grande;;;;;;;;;;;;;;;
024202;;Não qualificado;;;;;;;;;;;;;;;;
024210;;Autocentro;Pequeno;;;;;;;;;;;;;;;
024211;;Autocentro;Pequeno;;;;;;;;;;;;;;;
024212;;Autocentro;Pequeno;;;;;;;;;;;;;;;
024214;;Autocentro;Pequeno;;;;;;;;;;;;;;;
024219;;Não qualificado;;;;;;;;;;;;;;;;
024223;;Autocentro;Grande;;;;;;;;;;;;;;;
024224;;Autocentro;Pequeno;;;;;;;;;;;;;;;
024237;;Varejo;Grande;;;;;;;;;;;;;;;
024239;;Autocentro;Grande;;;;;;;;;;;;;;;
024248;;Autocentro;Grande;;;;;;;;;;;;;;;
024277;;Varejo;Pequeno;;;;;;;;;;;;;;;
024366;;Autocentro;Grande;;;;;;;;;;;;;;;
024373;;Autocentro;Grande;;;;;;;;;;;;;;;
024396;;Autocentro;Pequeno;;;;;;;;;;;;;;;
024417;;Autocentro;Pequeno;;;;;;;;;;;;;;;
024438;;Autocentro;Pequeno;;;;;;;;;;;;;;;
024446;;Autocentro;Grande;;;;;;;;;;;;;;;
024448;;Varejo;Pequeno;;;;;;;;;;;;;;;
024466;;Varejo;Grande;;;;;;;;;;;;;;;
024472;;Autocentro;Grande;;;;;;;;;;;;;;;
024538;;Autocentro;Grande;;;;;;;;;;;;;;;
024552;;Autocentro;Pequeno;;;;;;;;;;;;;;;
024578;;Autocentro;Pequeno;;;;;;;;;;;;;;;
024579;;Autocentro;Pequeno;;;;;;;;;;;;;;;
024641;;Autocentro;Grande;;;;;;;;;;;;;;;
024668;;Autocentro;Pequeno;;;;;;;;;;;;;;;
024675;;Não qualificado;;;;;;;;;;;;;;;;
024691;;Autocentro;Pequeno;;;;;;;;;;;;;;;
024692;;Autocentro;Grande;;;;;;;;;;;;;;;
024733;;Autocentro;Grande;;;;;;;;;;;;;;;
024864;;Autocentro;Grande;;;;;;;;;;;;;;;
024938;;Varejo;Grande;;;;;;;;;;;;;;;
026713;;Não qualificado;;;;;;;;;;;;;;;;
026837;;Autocentro;Pequeno;;;;;;;;;;;;;;;
026875;;Não qualificado;;;;;;;;;;;;;;;;
026878;;Autocentro;Pequeno;;;;;;;;;;;;;;;
026884;;Não qualificado;;;;;;;;;;;;;;;;
026886;;Autocentro;Pequeno;;;;;;;;;;;;;;;
026984;;Autocentro;Pequeno;;;;;;;;;;;;;;;
027015;;Autocentro;Grande;;;;;;;;;;;;;;;
027022;;Varejo;Pequeno;;;;;;;;;;;;;;;
027025;;Autocentro;Pequeno;;;;;;;;;;;;;;;
027033;;Autocentro;Grande;;;;;;;;;;;;;;;
027041;;Autocentro;Grande;;;;;;;;;;;;;;;
027047;;Autocentro;Pequeno;;;;;;;;;;;;;;;
027071;;Não qualificado;;;;;;;;;;;;;;;;
027174;;Autocentro;Grande;;;;;;;;;;;;;;;
027175;;Autocentro;Pequeno;;;;;;;;;;;;;;;
027183;;Autocentro;Grande;;;;;;;;;;;;;;;
027184;;Autocentro;Grande;;;;;;;;;;;;;;;
027185;;Autocentro;Grande;;;;;;;;;;;;;;;
027202;;Não qualificado;;;;;;;;;;;;;;;;
027222;;Autocentro;Pequeno;;;;;;;;;;;;;;;
027239;;Não qualificado;;;;;;;;;;;;;;;;
027249;;Autocentro;Pequeno;;;;;;;;;;;;;;;
027275;;Autocentro;Pequeno;;;;;;;;;;;;;;;
027281;;Autocentro;Pequeno;;;;;;;;;;;;;;;
027302;;Autocentro;Pequeno;;;;;;;;;;;;;;;
027317;;Autocentro;Grande;;;;;;;;;;;;;;;
027325;;Autocentro;Pequeno;;;;;;;;;;;;;;;
027328;;Autocentro;Grande;;;;;;;;;;;;;;;
027339;;Autocentro;Grande;;;;;;;;;;;;;;;
027343;;Autocentro;Pequeno;;;;;;;;;;;;;;;
027351;;Autocentro;Pequeno;;;;;;;;;;;;;;;
027358;;Autocentro;Pequeno;;;;;;;;;;;;;;;
027359;;Varejo;Pequeno;;;;;;;;;;;;;;;
027364;;Autocentro;Grande;;;;;;;;;;;;;;;
027367;;Autocentro;Grande;;;;;;;;;;;;;;;
027392;;Autocentro;Pequeno;;;;;;;;;;;;;;;
027397;;Autocentro;Pequeno;;;;;;;;;;;;;;;
027401;;Autocentro;Pequeno;;;;;;;;;;;;;;;
027403;;Varejo;Grande;;;;;;;;;;;;;;;
027404;;Autocentro;Pequeno;;;;;;;;;;;;;;;
027408;;Autocentro;Grande;;;;;;;;;;;;;;;
027409;;Autocentro;Pequeno;;;;;;;;;;;;;;;
027412;;Autocentro;Grande;;;;;;;;;;;;;;;
027419;;Autocentro;Grande;;;;;;;;;;;;;;;
027429;;Autocentro;Pequeno;;;;;;;;;;;;;;;
027437;;Autocentro;Grande;;;;;;;;;;;;;;;
027441;;Autocentro;Pequeno;;;;;;;;;;;;;;;
027447;;Autocentro;Grande;;;;;;;;;;;;;;;
027450;;Autocentro;Grande;;;;;;;;;;;;;;;
027451;;Autocentro;Grande;;;;;;;;;;;;;;;
027455;;Autocentro;Pequeno;;;;;;;;;;;;;;;
027457;;Autocentro;Pequeno;;;;;;;;;;;;;;;
027459;;Autocentro;Pequeno;;;;;;;;;;;;;;;
027460;;Varejo;Grande;;;;;;;;;;;;;;;
027468;;Autocentro;Pequeno;;;;;;;;;;;;;;;
027469;;Varejo;Grande;;;;;;;;;;;;;;;
027474;;Autocentro;Pequeno;;;;;;;;;;;;;;;
027479;;Autocentro;Pequeno;;;;;;;;;;;;;;;
027481;;Autocentro;Pequeno;;;;;;;;;;;;;;;
027483;;Autocentro;Pequeno;;;;;;;;;;;;;;;
027486;;Autocentro;Pequeno;;;;;;;;;;;;;;;
027488;;Autocentro;Pequeno;;;;;;;;;;;;;;;
027489;;Autocentro;Grande;;;;;;;;;;;;;;;
027494;;Autocentro;Pequeno;;;;;;;;;;;;;;;
027501;;Autocentro;Grande;;;;;;;;;;;;;;;
027504;;Autocentro;Pequeno;;;;;;;;;;;;;;;
027506;;Autocentro;Grande;;;;;;;;;;;;;;;
027507;;Autocentro;Pequeno;;;;;;;;;;;;;;;
027511;;Varejo;Grande;;;;;;;;;;;;;;;
027515;;Autocentro;Grande;;;;;;;;;;;;;;;
027545;;Varejo;Pequeno;;;;;;;;;;;;;;;
027558;;Varejo;Pequeno;;;;;;;;;;;;;;;
027574;;Autocentro;Grande;;;;;;;;;;;;;;;
027578;;Autocentro;Pequeno;;;;;;;;;;;;;;;
027595;;Autocentro;Grande;;;;;;;;;;;;;;;
027596;;Autocentro;Grande;;;;;;;;;;;;;;;
027605;;Autocentro;Grande;;;;;;;;;;;;;;;
027616;;Autocentro;Pequeno;;;;;;;;;;;;;;;
027618;;Autocentro;Grande;;;;;;;;;;;;;;;
027623;;Autocentro;Pequeno;;;;;;;;;;;;;;;
027624;;Autocentro;Pequeno;;;;;;;;;;;;;;;
027630;;Autocentro;Pequeno;;;;;;;;;;;;;;;
027642;;Autocentro;Pequeno;;;;;;;;;;;;;;;
027651;;Autocentro;Grande;;;;;;;;;;;;;;;
027672;;Autocentro;Pequeno;;;;;;;;;;;;;;;
027673;;Autocentro;Pequeno;;;;;;;;;;;;;;;
027678;;Não qualificado;;;;;;;;;;;;;;;;
027696;;Autocentro;Grande;;;;;;;;;;;;;;;
027701;;Autocentro;Pequeno;;;;;;;;;;;;;;;
027704;;Autocentro;Grande;;;;;;;;;;;;;;;
027707;;Autocentro;Pequeno;;;;;;;;;;;;;;;
027708;;Autocentro;Pequeno;;;;;;;;;;;;;;;
027715;;Autocentro;Pequeno;;;;;;;;;;;;;;;
027722;;Varejo;Grande;;;;;;;;;;;;;;;
027725;;Autocentro;Pequeno;;;;;;;;;;;;;;;
027727;;Autocentro;Pequeno;;;;;;;;;;;;;;;
027728;;Autocentro;Pequeno;;;;;;;;;;;;;;;
027734;;Autocentro;Grande;;;;;;;;;;;;;;;
027739;;Autocentro;Pequeno;;;;;;;;;;;;;;;
027744;;Autocentro;Pequeno;;;;;;;;;;;;;;;
027761;;Autocentro;Grande;;;;;;;;;;;;;;;
027770;;Varejo;Pequeno;;;;;;;;;;;;;;;
027786;;Autocentro;Pequeno;;;;;;;;;;;;;;;
027791;;Autocentro;Pequeno;;;;;;;;;;;;;;;
027802;;Varejo;Pequeno;;;;;;;;;;;;;;;
027804;;Autocentro;Grande;;;;;;;;;;;;;;;
027806;;Autocentro;Pequeno;;;;;;;;;;;;;;;
027812;;Não qualificado;;;;;;;;;;;;;;;;
027815;;Autocentro;Grande;;;;;;;;;;;;;;;
027831;;Autocentro;Grande;;;;;;;;;;;;;;;
027846;;Autocentro;Pequeno;;;;;;;;;;;;;;;
027918;;Não qualificado;;;;;;;;;;;;;;;;
027939;;Varejo;Pequeno;;;;;;;;;;;;;;;
027942;;Autocentro;Grande;;;;;;;;;;;;;;;
027956;;Autocentro;Grande;;;;;;;;;;;;;;;
027964;;Autocentro;Grande;;;;;;;;;;;;;;;
027968;;Autocentro;Grande;;;;;;;;;;;;;;;
027974;;Autocentro;Grande;;;;;;;;;;;;;;;
027978;;Autocentro;Pequeno;;;;;;;;;;;;;;;
028001;;Não qualificado;;;;;;;;;;;;;;;;
028011;;Varejo;Pequeno;;;;;;;;;;;;;;;
028014;;Autocentro;Grande;;;;;;;;;;;;;;;
028015;;Autocentro;Grande;;;;;;;;;;;;;;;
028016;;Autocentro;Pequeno;;;;;;;;;;;;;;;
028020;;Autocentro;Grande;;;;;;;;;;;;;;;
028022;;Autocentro;Pequeno;;;;;;;;;;;;;;;
028023;;Autocentro;Grande;;;;;;;;;;;;;;;
028025;;Autocentro;Grande;;;;;;;;;;;;;;;
028031;;Autocentro;Pequeno;;;;;;;;;;;;;;;
028032;;Autocentro;Grande;;;;;;;;;;;;;;;
028033;;Não qualificado;;;;;;;;;;;;;;;;
028035;;Autocentro;Pequeno;;;;;;;;;;;;;;;
028036;;Autocentro;Grande;;;;;;;;;;;;;;;
028038;;Autocentro;Grande;;;;;;;;;;;;;;;
028040;;Não qualificado;;;;;;;;;;;;;;;;
028048;;Não qualificado;;;;;;;;;;;;;;;;
028049;;Autocentro;Grande;;;;;;;;;;;;;;;
028051;;Varejo;Grande;;;;;;;;;;;;;;;
028059;;Autocentro;Pequeno;;;;;;;;;;;;;;;
028060;;Autocentro;Pequeno;;;;;;;;;;;;;;;
028061;;Autocentro;Pequeno;;;;;;;;;;;;;;;
028062;;Autocentro;Pequeno;;;;;;;;;;;;;;;
028076;;Não qualificado;;;;;;;;;;;;;;;;
028079;;Varejo;Grande;;;;;;;;;;;;;;;
028091;;Varejo;Grande;;;;;;;;;;;;;;;
028129;;Autocentro;Grande;;;;;;;;;;;;;;;
028172;;Varejo;Grande;;;;;;;;;;;;;;;
028232;;Varejo;Grande;;;;;;;;;;;;;;;
028262;;Não qualificado;;;;;;;;;;;;;;;;
028270;;Varejo;Grande;;;;;;;;;;;;;;;
028321;;Autocentro;Pequeno;;;;;;;;;;;;;;;
028325;;Autocentro;Pequeno;;;;;;;;;;;;;;;
028347;;Autocentro;Pequeno;;;;;;;;;;;;;;;
028374;;Varejo;Pequeno;;;;;;;;;;;;;;;
028387;;Autocentro;Pequeno;;;;;;;;;;;;;;;
028393;;Autocentro;Pequeno;;;;;;;;;;;;;;;
028395;;Autocentro;Grande;;;;;;;;;;;;;;;
028396;;Varejo;Pequeno;;;;;;;;;;;;;;;
028408;;Autocentro;Pequeno;;;;;;;;;;;;;;;
028419;;Autocentro;Pequeno;;;;;;;;;;;;;;;
028421;;Autocentro;Pequeno;;;;;;;;;;;;;;;
028435;;Autocentro;Pequeno;;;;;;;;;;;;;;;
028444;;Autocentro;Pequeno;;;;;;;;;;;;;;;
028449;;Autocentro;Pequeno;;;;;;;;;;;;;;;
028465;;Autocentro;Pequeno;;;;;;;;;;;;;;;
028468;;Autocentro;Pequeno;;;;;;;;;;;;;;;
028470;;Autocentro;Pequeno;;;;;;;;;;;;;;;
028472;;Autocentro;Grande;;;;;;;;;;;;;;;
028475;;Autocentro;Pequeno;;;;;;;;;;;;;;;
028480;;Autocentro;Grande;;;;;;;;;;;;;;;
028490;;Autocentro;Grande;;;;;;;;;;;;;;;
028492;;Não qualificado;;;;;;;;;;;;;;;;
028546;;Autocentro;Pequeno;;;;;;;;;;;;;;;
028603;;Autocentro;Pequeno;;;;;;;;;;;;;;;
028758;;Autocentro;Pequeno;;;;;;;;;;;;;;;
028866;;Autocentro;Grande;;;;;;;;;;;;;;;
028867;;Autocentro;Grande;;;;;;;;;;;;;;;
028877;;Autocentro;Pequeno;;;;;;;;;;;;;;;
029215;;Varejo;Grande;;;;;;;;;;;;;;;
029248;;Autocentro;Pequeno;;;;;;;;;;;;;;;
029256;;Autocentro;Pequeno;;;;;;;;;;;;;;;
029289;;Autocentro;Pequeno;;;;;;;;;;;;;;;
029440;;Não qualificado;;;;;;;;;;;;;;;;
029490;;Autocentro;Pequeno;;;;;;;;;;;;;;;
029595;;Autocentro;Pequeno;;;;;;;;;;;;;;;
029625;;Varejo;Grande;;;;;;;;;;;;;;;
029684;;Autocentro;Grande;;;;;;;;;;;;;;;
029791;;Autocentro;Grande;;;;;;;;;;;;;;;
029851;;Autocentro;Grande;;;;;;;;;;;;;;;
029978;;Não qualificado;;;;;;;;;;;;;;;;
029998;;Autocentro;Grande;;;;;;;;;;;;;;;
I0386;;Autocentro;Pequeno;;;;;;;;;;;;;;;
I0407;;Autocentro;Pequeno;;;;;;;;;;;;;;;
I0422;;Não qualificado;;;;;;;;;;;;;;;;
I0431;;Autocentro;Pequeno;;;;;;;;;;;;;;;
I0457;;Não qualificado;;;;;;;;;;;;;;;;
I0471;;Autocentro;Pequeno;;;;;;;;;;;;;;;
I0475;;Autocentro;Pequeno;;;;;;;;;;;;;;;
I0493;;Autocentro;Pequeno;;;;;;;;;;;;;;;
I0623;;Varejo;Grande;;;;;;;;;;;;;;;
I0705;;Autocentro;Pequeno;;;;;;;;;;;;;;;
I0872;;Autocentro;Pequeno;;;;;;;;;;;;;;;
I0968;;Varejo;Pequeno;;;;;;;;;;;;;;;
I1257;;Autocentro;Pequeno;;;;;;;;;;;;;;;
I1511;;Autocentro;Grande;;;;;;;;;;;;;;;
I1513;;Varejo;Grande;;;;;;;;;;;;;;;
I1514;;Autocentro;Grande;;;;;;;;;;;;;;;
I1525;;Varejo;Grande;;;;;;;;;;;;;;;
I1526;;Varejo;Grande;;;;;;;;;;;;;;;
I1530;;Varejo;Grande;;;;;;;;;;;;;;;
I1534;;Varejo;Grande;;;;;;;;;;;;;;;
I1535;;Autocentro;Grande;;;;;;;;;;;;;;;
I1539;;Varejo;Pequeno;;;;;;;;;;;;;;;
I1544;;Autocentro;Pequeno;;;;;;;;;;;;;;;
I1545;;Não qualificado;;;;;;;;;;;;;;;;
I1550;;Autocentro;Pequeno;;;;;;;;;;;;;;;
I1552;;Autocentro;Pequeno;;;;;;;;;;;;;;;
I1558;;Autocentro;Grande;;;;;;;;;;;;;;;
I1559;;Autocentro;Pequeno;;;;;;;;;;;;;;;
I1564;;Varejo;Pequeno;;;;;;;;;;;;;;;
I1568;;Varejo;Grande;;;;;;;;;;;;;;;
I1570;;Varejo;Grande;;;;;;;;;;;;;;;
I1575;;Não qualificado;;;;;;;;;;;;;;;;
I1577;;Autocentro;Pequeno;;;;;;;;;;;;;;;
I1578;;Autocentro;Grande;;;;;;;;;;;;;;;
I1581;;Varejo;Grande;;;;;;;;;;;;;;;
I1585;;Varejo;Grande;;;;;;;;;;;;;;;
I1587;;Varejo;Grande;;;;;;;;;;;;;;;
I1590;;Autocentro;Pequeno;;;;;;;;;;;;;;;
I1597;;Varejo;Grande;;;;;;;;;;;;;;;
I1604;;Varejo;Pequeno;;;;;;;;;;;;;;;
I1616;;Varejo;Grande;;;;;;;;;;;;;;;
I1620;;Autocentro;Pequeno;;;;;;;;;;;;;;;
I1624;;Autocentro;Grande;;;;;;;;;;;;;;;
I1635;;Varejo;Pequeno;;;;;;;;;;;;;;;
I1653;;Varejo;Grande;;;;;;;;;;;;;;;
I1656;;Não qualificado;;;;;;;;;;;;;;;;
I1657;;Varejo;Grande;;;;;;;;;;;;;;;
I1658;;Autocentro;Grande;;;;;;;;;;;;;;;
I1659;;Varejo;Grande;;;;;;;;;;;;;;;
I1664;;Varejo;Pequeno;;;;;;;;;;;;;;;
I1667;;Varejo;Pequeno;;;;;;;;;;;;;;;
I1679;;Varejo;Grande;;;;;;;;;;;;;;;
I1681;;Não qualificado;;;;;;;;;;;;;;;;
I1691;;Autocentro;Grande;;;;;;;;;;;;;;;
I1701;;Autocentro;Pequeno;;;;;;;;;;;;;;;
I1719;;Varejo;Pequeno;;;;;;;;;;;;;;;
I1781;;Varejo;Pequeno;;;;;;;;;;;;;;;
I1792;;Varejo;Grande;;;;;;;;;;;;;;;
I1818;;Varejo;Grande;;;;;;;;;;;;;;;
I1819;;Autocentro;Pequeno;;;;;;;;;;;;;;;
I1829;;Varejo;Pequeno;;;;;;;;;;;;;;;
I1840;;Varejo;Pequeno;;;;;;;;;;;;;;;
I1850;;Autocentro;Pequeno;;;;;;;;;;;;;;;
I1875;;Autocentro;Grande;;;;;;;;;;;;;;;
I1888;;Varejo;Grande;;;;;;;;;;;;;;;
I1889;;Varejo;Pequeno;;;;;;;;;;;;;;;
I1937;;Autocentro;Pequeno;;;;;;;;;;;;;;;
I1946;;Autocentro;Grande;;;;;;;;;;;;;;;
I1950;;Varejo;Pequeno;;;;;;;;;;;;;;;
I1960;;Autocentro;Pequeno;;;;;;;;;;;;;;;
I2002;;Varejo;Pequeno;;;;;;;;;;;;;;;
I2005;;Varejo;Pequeno;;;;;;;;;;;;;;;
I2029;;Varejo;Pequeno;;;;;;;;;;;;;;;
I2044;;Autocentro;Grande;;;;;;;;;;;;;;;
I2080;;Autocentro;Grande;;;;;;;;;;;;;;;
I2087;;Autocentro;Pequeno;;;;;;;;;;;;;;;
I2177;;Varejo;Pequeno;;;;;;;;;;;;;;;
I2182;;Autocentro;Pequeno;;;;;;;;;;;;;;;
I2183;;Varejo;Pequeno;;;;;;;;;;;;;;;
I2191;;Não qualificado;;;;;;;;;;;;;;;;
I2195;;Varejo;Pequeno;;;;;;;;;;;;;;;
I2202;;Varejo;Pequeno;;;;;;;;;;;;;;;
I2204;;Autocentro;Pequeno;;;;;;;;;;;;;;;
I2217;;Autocentro;Pequeno;;;;;;;;;;;;;;;
I2263;;Autocentro;Pequeno;;;;;;;;;;;;;;;
I2292;;Varejo;Pequeno;;;;;;;;;;;;;;;
I2297;;Autocentro;Pequeno;;;;;;;;;;;;;;;
I2368;;Autocentro;Grande;;;;;;;;;;;;;;;
I2369;;Autocentro;Pequeno;;;;;;;;;;;;;;;
I2376;;Não qualificado;;;;;;;;;;;;;;;;
I2399;;Varejo;Grande;;;;;;;;;;;;;;;
I2400;;Autocentro;Grande;;;;;;;;;;;;;;;
I2403;;Varejo;Pequeno;;;;;;;;;;;;;;;
I2426;;Autocentro;Grande;;;;;;;;;;;;;;;
I2448;;Varejo;Pequeno;;;;;;;;;;;;;;;
I2450;;Varejo;Pequeno;;;;;;;;;;;;;;;
I2465;;Autocentro;Grande;;;;;;;;;;;;;;;
I2482;;Autocentro;Pequeno;;;;;;;;;;;;;;;
I2491;;Não qualificado;;;;;;;;;;;;;;;;
I2521;;Autocentro;Grande;;;;;;;;;;;;;;;
I2523;;Varejo;Pequeno;;;;;;;;;;;;;;;
I2536;;Varejo;Pequeno;;;;;;;;;;;;;;;
I2556;;Autocentro;Grande;;;;;;;;;;;;;;;
I2571;;Varejo;Grande;;;;;;;;;;;;;;;
I2572;;Varejo;Grande;;;;;;;;;;;;;;;
I2574;;Varejo;Grande;;;;;;;;;;;;;;;
I2576;;Autocentro;Pequeno;;;;;;;;;;;;;;;
I2577;;Autocentro;Grande;;;;;;;;;;;;;;;
I2580;;Varejo;Pequeno;;;;;;;;;;;;;;;
I2581;;Varejo;Grande;;;;;;;;;;;;;;;
I2583;;Autocentro;Pequeno;;;;;;;;;;;;;;;
I2588;;Autocentro;Grande;;;;;;;;;;;;;;;
I2590;;Varejo;Grande;;;;;;;;;;;;;;;
I2605;;Autocentro;Pequeno;;;;;;;;;;;;;;;
I2608;;Autocentro;Pequeno;;;;;;;;;;;;;;;
I2616;;Varejo;Grande;;;;;;;;;;;;;;;
I2617;;Autocentro;Grande;;;;;;;;;;;;;;;
I2620;;Varejo;Pequeno;;;;;;;;;;;;;;;
I2630;;Varejo;Pequeno;;;;;;;;;;;;;;;
I2634;;Varejo;Grande;;;;;;;;;;;;;;;
I2635;;Varejo;Grande;;;;;;;;;;;;;;;
I2637;;Autocentro;Pequeno;;;;;;;;;;;;;;;
I2639;;Autocentro;Pequeno;;;;;;;;;;;;;;;
I2640;;Autocentro;Pequeno;;;;;;;;;;;;;;;
I2641;;Autocentro;Grande;;;;;;;;;;;;;;;
I2643;;Autocentro;Grande;;;;;;;;;;;;;;;
I2651;;Não qualificado;;;;;;;;;;;;;;;;
I2652;;Autocentro;Pequeno;;;;;;;;;;;;;;;
I2661;;Autocentro;Pequeno;;;;;;;;;;;;;;;
I2664;;Autocentro;Pequeno;;;;;;;;;;;;;;;
I2667;;Autocentro;Pequeno;;;;;;;;;;;;;;;
I2671;;Autocentro;Grande;;;;;;;;;;;;;;;
I2724;;Autocentro;Pequeno;;;;;;;;;;;;;;;
I2769;;Autocentro;Pequeno;;;;;;;;;;;;;;;
I2781;;Varejo;Pequeno;;;;;;;;;;;;;;;
I2793;;Varejo;Pequeno;;;;;;;;;;;;;;;
I2798;;Autocentro;Grande;;;;;;;;;;;;;;;
I2809;;Autocentro;Pequeno;;;;;;;;;;;;;;;
I2826;;Autocentro;Grande;;;;;;;;;;;;;;;
I2835;;Varejo;Grande;;;;;;;;;;;;;;;
I2864;;Varejo;Grande;;;;;;;;;;;;;;;
I2865;;Varejo;Pequeno;;;;;;;;;;;;;;;
I2873;;Varejo;Grande;;;;;;;;;;;;;;;
I2885;;Autocentro;Pequeno;;;;;;;;;;;;;;;
I2887;;Não qualificado;;;;;;;;;;;;;;;;
I2888;;Não qualificado;;;;;;;;;;;;;;;;
I2896;;Varejo;Pequeno;;;;;;;;;;;;;;;
I2897;;Varejo;Grande;;;;;;;;;;;;;;;
I2898;;Autocentro;Grande;;;;;;;;;;;;;;;
I2901;;Autocentro;Pequeno;;;;;;;;;;;;;;;
I2903;;Varejo;Grande;;;;;;;;;;;;;;;
I2904;;Não qualificado;;;;;;;;;;;;;;;;
I2905;;Varejo;Pequeno;;;;;;;;;;;;;;;
I2908;;Autocentro;Pequeno;;;;;;;;;;;;;;;
I2909;;Varejo;Pequeno;;;;;;;;;;;;;;;
I2911;;Varejo;Grande;;;;;;;;;;;;;;;
I2912;;Autocentro;Grande;;;;;;;;;;;;;;;
I2920;;Autocentro;Grande;;;;;;;;;;;;;;;
I2924;;Autocentro;Pequeno;;;;;;;;;;;;;;;
I2926;;Varejo;Grande;;;;;;;;;;;;;;;
I2930;;Varejo;Grande;;;;;;;;;;;;;;;
I2940;;Varejo;Grande;;;;;;;;;;;;;;;
I2942;;Autocentro;Grande;;;;;;;;;;;;;;;
I2944;;Autocentro;Pequeno;;;;;;;;;;;;;;;
I2945;;Autocentro;Grande;;;;;;;;;;;;;;;
I2950;;Autocentro;Grande;;;;;;;;;;;;;;;
I2952;;Autocentro;Grande;;;;;;;;;;;;;;;
I2988;;Varejo;Pequeno;;;;;;;;;;;;;;;
I3005;;Varejo;Pequeno;;;;;;;;;;;;;;;
I3063;;Autocentro;Grande;;;;;;;;;;;;;;;
I3088;;Varejo;Grande;;;;;;;;;;;;;;;
I3092;;Varejo;Grande;;;;;;;;;;;;;;;
I3096;;Autocentro;Grande;;;;;;;;;;;;;;;
I3097;;Varejo;Pequeno;;;;;;;;;;;;;;;
I3114;;Autocentro;Grande;;;;;;;;;;;;;;;
I3134;;Varejo;Grande;;;;;;;;;;;;;;;
I3136;;Autocentro;Pequeno;;;;;;;;;;;;;;;
I3150;;Varejo;Grande;;;;;;;;;;;;;;;
I3199;;Varejo;Pequeno;;;;;;;;;;;;;;;
I3203;;Autocentro;Pequeno;;;;;;;;;;;;;;;
I3204;;Autocentro;Pequeno;;;;;;;;;;;;;;;
I3216;;Autocentro;Pequeno;;;;;;;;;;;;;;;
I3217;;Varejo;Pequeno;;;;;;;;;;;;;;;
I3256;;Autocentro;Pequeno;;;;;;;;;;;;;;;
I3267;;Varejo;Pequeno;;;;;;;;;;;;;;;
I3285;;Varejo;Grande;;;;;;;;;;;;;;;
I3357;;Autocentro;Pequeno;;;;;;;;;;;;;;;
I3392;;Varejo;Pequeno;;;;;;;;;;;;;;;
I3512;;Autocentro;Pequeno;;;;;;;;;;;;;;;
I3513;;Autocentro;Pequeno;;;;;;;;;;;;;;;
I3524;;Autocentro;Pequeno;;;;;;;;;;;;;;;
I3565;;Autocentro;Pequeno;;;;;;;;;;;;;;;
I3643;;Autocentro;Pequeno;;;;;;;;;;;;;;;
I3657;;Autocentro;Pequeno;;;;;;;;;;;;;;;
I3677;;Autocentro;Grande;;;;;;;;;;;;;;;
I3694;;Varejo;Pequeno;;;;;;;;;;;;;;;
I3713;;Autocentro;Pequeno;;;;;;;;;;;;;;;
I3784;;Varejo;Pequeno;;;;;;;;;;;;;;;
I3797;;Autocentro;Grande;;;;;;;;;;;;;;;
I3875;;Autocentro;Grande;;;;;;;;;;;;;;;
I3878;;Varejo;Pequeno;;;;;;;;;;;;;;;
I3881;;Autocentro;Pequeno;;;;;;;;;;;;;;;
I3882;;Autocentro;Grande;;;;;;;;;;;;;;;
I3886;;Autocentro;Pequeno;;;;;;;;;;;;;;;
I3897;;Autocentro;Pequeno;;;;;;;;;;;;;;;
I3898;;Autocentro;Grande;;;;;;;;;;;;;;;
I3899;;Autocentro;Grande;;;;;;;;;;;;;;;
I3900;;Autocentro;Grande;;;;;;;;;;;;;;;
I3901;;Autocentro;Grande;;;;;;;;;;;;;;;
I3913;;Autocentro;Pequeno;;;;;;;;;;;;;;;
I3915;;Autocentro;Pequeno;;;;;;;;;;;;;;;
I3926;;Autocentro;Pequeno;;;;;;;;;;;;;;;
I3938;;Autocentro;Grande;;;;;;;;;;;;;;;
I3940;;Autocentro;Pequeno;;;;;;;;;;;;;;;
I3957;;Autocentro;Pequeno;;;;;;;;;;;;;;;
I3964;;Autocentro;Grande;;;;;;;;;;;;;;;
I3966;;Autocentro;Pequeno;;;;;;;;;;;;;;;
I3969;;Autocentro;Pequeno;;;;;;;;;;;;;;;
I3973;;Autocentro;Pequeno;;;;;;;;;;;;;;;
I3979;;Autocentro;Grande;;;;;;;;;;;;;;;
I3981;;Autocentro;Grande;;;;;;;;;;;;;;;
I3982;;Varejo;Pequeno;;;;;;;;;;;;;;;
I3993;;Autocentro;Pequeno;;;;;;;;;;;;;;;
I3994;;Autocentro;Pequeno;;;;;;;;;;;;;;;
I3997;;Autocentro;Pequeno;;;;;;;;;;;;;;;
I3998;;Autocentro;Grande;;;;;;;;;;;;;;;
I4003;;Autocentro;Pequeno;;;;;;;;;;;;;;;
I4005;;Autocentro;Grande;;;;;;;;;;;;;;;
I4006;;Autocentro;Pequeno;;;;;;;;;;;;;;;
I4022;;Autocentro;Pequeno;;;;;;;;;;;;;;;
I4024;;Autocentro;Grande;;;;;;;;;;;;;;;
I4025;;Autocentro;Pequeno;;;;;;;;;;;;;;;
I4036;;Varejo;Grande;;;;;;;;;;;;;;;
I4038;;Autocentro;Pequeno;;;;;;;;;;;;;;;
I4046;;Autocentro;Grande;;;;;;;;;;;;;;;
I4053;;Autocentro;Pequeno;;;;;;;;;;;;;;;
I4081;;Autocentro;Pequeno;;;;;;;;;;;;;;;
I4082;;Autocentro;Grande;;;;;;;;;;;;;;;
I4083;;Autocentro;Grande;;;;;;;;;;;;;;;
I4085;;Autocentro;Pequeno;;;;;;;;;;;;;;;
I4087;;Autocentro;Pequeno;;;;;;;;;;;;;;;
I4098;;Autocentro;Pequeno;;;;;;;;;;;;;;;
I4110;;Autocentro;Pequeno;;;;;;;;;;;;;;;
I4113;;Autocentro;Grande;;;;;;;;;;;;;;;
I4124;;Autocentro;Grande;;;;;;;;;;;;;;;
I4139;;Varejo;Pequeno;;;;;;;;;;;;;;;
I4168;;Varejo;Pequeno;;;;;;;;;;;;;;;
I4174;;Autocentro;Pequeno;;;;;;;;;;;;;;;
I4225;;Varejo;Pequeno;;;;;;;;;;;;;;;
I4262;;Autocentro;Grande;;;;;;;;;;;;;;;
I4280;;Autocentro;Grande;;;;;;;;;;;;;;;
I4293;;Varejo;Grande;;;;;;;;;;;;;;;
I4294;;Varejo;Pequeno;;;;;;;;;;;;;;;
I4295;;Varejo;Pequeno;;;;;;;;;;;;;;;
I4296;;Autocentro;Pequeno;;;;;;;;;;;;;;;
I4322;;Varejo;Pequeno;;;;;;;;;;;;;;;
I4327;;Varejo;Pequeno;;;;;;;;;;;;;;;
I4374;;Varejo;Pequeno;;;;;;;;;;;;;;;
I4376;;Varejo;Pequeno;;;;;;;;;;;;;;;
I4379;;Varejo;Pequeno;;;;;;;;;;;;;;;
I4392;;Varejo;Grande;;;;;;;;;;;;;;;
I4395;;Autocentro;Pequeno;;;;;;;;;;;;;;;
I4405;;Varejo;Pequeno;;;;;;;;;;;;;;;
I4425;;Varejo;Grande;;;;;;;;;;;;;;;
I4427;;Autocentro;Pequeno;;;;;;;;;;;;;;;
I4436;;Autocentro;Pequeno;;;;;;;;;;;;;;;
I4437;;Autocentro;Pequeno;;;;;;;;;;;;;;;
I4444;;Varejo;Grande;;;;;;;;;;;;;;;
I4447;;Autocentro;Grande;;;;;;;;;;;;;;;
I4453;;Autocentro;Pequeno;;;;;;;;;;;;;;;
I4483;;Autocentro;Grande;;;;;;;;;;;;;;;
I4499;;Autocentro;Grande;;;;;;;;;;;;;;;
I4502;;Autocentro;Pequeno;;;;;;;;;;;;;;;
I4524;;Autocentro;Pequeno;;;;;;;;;;;;;;;
I4532;;Varejo;Pequeno;;;;;;;;;;;;;;;
I4533;;Autocentro;Pequeno;;;;;;;;;;;;;;;
I4536;;Autocentro;Grande;;;;;;;;;;;;;;;
I4548;;Autocentro;Pequeno;;;;;;;;;;;;;;;
I4569;;Autocentro;Pequeno;;;;;;;;;;;;;;;
I4578;;Autocentro;Grande;;;;;;;;;;;;;;;
I4579;;Autocentro;Grande;;;;;;;;;;;;;;;
I4594;;Varejo;Pequeno;;;;;;;;;;;;;;;
I4596;;Autocentro;Pequeno;;;;;;;;;;;;;;;
I4598;;Autocentro;Grande;;;;;;;;;;;;;;;
I4652;;Autocentro;Grande;;;;;;;;;;;;;;;
I4683;;Autocentro;Grande;;;;;;;;;;;;;;;
I4694;;Autocentro;Pequeno;;;;;;;;;;;;;;;
I4708;;Não qualificado;;;;;;;;;;;;;;;;
I4716;;Varejo;Pequeno;;;;;;;;;;;;;;;
I4739;;Autocentro;Pequeno;;;;;;;;;;;;;;;
I4769;;Autocentro;Grande;;;;;;;;;;;;;;;
I4780;;Varejo;Pequeno;;;;;;;;;;;;;;;
I4790;;Autocentro;Grande;;;;;;;;;;;;;;;
I4793;;Autocentro;Pequeno;;;;;;;;;;;;;;;
I4797;;Varejo;Pequeno;;;;;;;;;;;;;;;
I4801;;Autocentro;Pequeno;;;;;;;;;;;;;;;
I4815;;Autocentro;Grande;;;;;;;;;;;;;;;
I4830;;Autocentro;Grande;;;;;;;;;;;;;;;
I4843;;Autocentro;Grande;;;;;;;;;;;;;;;
I4864;;Autocentro;Grande;;;;;;;;;;;;;;;
I4873;;Autocentro;Grande;;;;;;;;;;;;;;;
I4878;;Autocentro;Grande;;;;;;;;;;;;;;;
I4882;;Varejo;Grande;;;;;;;;;;;;;;;
I4887;;Varejo;Pequeno;;;;;;;;;;;;;;;
I4889;;Varejo;Grande;;;;;;;;;;;;;;;
I4907;;Varejo;Grande;;;;;;;;;;;;;;;
I4923;;Varejo;Pequeno;;;;;;;;;;;;;;;
I4926;;Autocentro;Grande;;;;;;;;;;;;;;;
I4935;;Autocentro;Pequeno;;;;;;;;;;;;;;;
I4953;;Varejo;Pequeno;;;;;;;;;;;;;;;
I4968;;Varejo;Pequeno;;;;;;;;;;;;;;;
I4974;;Varejo;Pequeno;;;;;;;;;;;;;;;
I4976;;Autocentro;Pequeno;;;;;;;;;;;;;;;
I4986;;Autocentro;Grande;;;;;;;;;;;;;;;
I4988;;Varejo;Pequeno;;;;;;;;;;;;;;;
I4995;;Autocentro;Pequeno;;;;;;;;;;;;;;;
I4996;;Autocentro;Pequeno;;;;;;;;;;;;;;;
I5021;;Autocentro;Pequeno;;;;;;;;;;;;;;;
I5022;;Varejo;Pequeno;;;;;;;;;;;;;;;
I5023;;Varejo;Pequeno;;;;;;;;;;;;;;;
I5024;;Autocentro;Pequeno;;;;;;;;;;;;;;;
I5028;;Varejo;Pequeno;;;;;;;;;;;;;;;
I5033;;Autocentro;Pequeno;;;;;;;;;;;;;;;
I5048;;Autocentro;Pequeno;;;;;;;;;;;;;;;
I5050;;Varejo;Grande;;;;;;;;;;;;;;;
I5051;;Autocentro;Pequeno;;;;;;;;;;;;;;;
I5055;;Autocentro;Grande;;;;;;;;;;;;;;;
I5064;;Autocentro;Grande;;;;;;;;;;;;;;;
I5067;;Autocentro;Grande;;;;;;;;;;;;;;;
I5069;;Varejo;Pequeno;;;;;;;;;;;;;;;
I5077;;Varejo;Pequeno;;;;;;;;;;;;;;;
I5078;;Autocentro;Grande;;;;;;;;;;;;;;;
I5086;;Autocentro;Pequeno;;;;;;;;;;;;;;;
I5092;;Varejo;Pequeno;;;;;;;;;;;;;;;
I5123;;Autocentro;Pequeno;;;;;;;;;;;;;;;
I5124;;Autocentro;Grande;;;;;;;;;;;;;;;
I5129;;Varejo;Pequeno;;;;;;;;;;;;;;;
I5134;;Autocentro;Grande;;;;;;;;;;;;;;;
I5144;;Autocentro;Pequeno;;;;;;;;;;;;;;;
I5147;;Varejo;Pequeno;;;;;;;;;;;;;;;
I5159;;Autocentro;Pequeno;;;;;;;;;;;;;;;
I5160;;Autocentro;Pequeno;;;;;;;;;;;;;;;
I5165;;Autocentro;Pequeno;;;;;;;;;;;;;;;
I5184;;Autocentro;Grande;;;;;;;;;;;;;;;
I5189;;Autocentro;Pequeno;;;;;;;;;;;;;;;
I5210;;Autocentro;Grande;;;;;;;;;;;;;;;
I5211;;Autocentro;Pequeno;;;;;;;;;;;;;;;
I5213;;Autocentro;Grande;;;;;;;;;;;;;;;
I5223;;Autocentro;Grande;;;;;;;;;;;;;;;
I5226;;Autocentro;Grande;;;;;;;;;;;;;;;
I5370;;Varejo;Pequeno;;;;;;;;;;;;;;;
I5374;;Varejo;Grande;;;;;;;;;;;;;;;
I5393;;Autocentro;Grande;;;;;;;;;;;;;;;
I5395;;Autocentro;Pequeno;;;;;;;;;;;;;;;
I5398;;Autocentro;Pequeno;;;;;;;;;;;;;;;
I5402;;Autocentro;Grande;;;;;;;;;;;;;;;
I5403;;Autocentro;Pequeno;;;;;;;;;;;;;;;
I5411;;Autocentro;Pequeno;;;;;;;;;;;;;;;
I5412;;Autocentro;Pequeno;;;;;;;;;;;;;;;
I5414;;Autocentro;Grande;;;;;;;;;;;;;;;
I5424;;Varejo;Grande;;;;;;;;;;;;;;;
I5437;;Autocentro;Grande;;;;;;;;;;;;;;;
I5439;;Autocentro;Grande;;;;;;;;;;;;;;;
I5440;;Autocentro;Pequeno;;;;;;;;;;;;;;;
I5457;;Autocentro;Pequeno;;;;;;;;;;;;;;;
I5469;;Autocentro;Grande;;;;;;;;;;;;;;;
I5471;;Autocentro;Pequeno;;;;;;;;;;;;;;;
I5477;;Varejo;Pequeno;;;;;;;;;;;;;;;
I5495;;Autocentro;Pequeno;;;;;;;;;;;;;;;
I5514;;Varejo;Pequeno;;;;;;;;;;;;;;;
I5520;;Autocentro;Grande;;;;;;;;;;;;;;;
I5521;;Autocentro;Pequeno;;;;;;;;;;;;;;;
I5523;;Autocentro;Pequeno;;;;;;;;;;;;;;;
I5524;;Autocentro;Grande;;;;;;;;;;;;;;;
I5530;;Autocentro;Pequeno;;;;;;;;;;;;;;;
I5541;;Autocentro;Pequeno;;;;;;;;;;;;;;;
I5546;;Varejo;Grande;;;;;;;;;;;;;;;
I5566;;Autocentro;Pequeno;;;;;;;;;;;;;;;
I5579;;Autocentro;Grande;;;;;;;;;;;;;;;
I5620;;Autocentro;Pequeno;;;;;;;;;;;;;;;
I5621;;Varejo;Pequeno;;;;;;;;;;;;;;;
I5635;;Autocentro;Grande;;;;;;;;;;;;;;;
I5647;;Autocentro;Pequeno;;;;;;;;;;;;;;;
I5652;;Autocentro;Pequeno;;;;;;;;;;;;;;;
I5658;;Autocentro;Pequeno;;;;;;;;;;;;;;;
I5660;;Autocentro;Pequeno;;;;;;;;;;;;;;;
I5679;;Autocentro;Grande;;;;;;;;;;;;;;;
I5683;;Autocentro;Pequeno;;;;;;;;;;;;;;;
I5684;;Autocentro;Grande;;;;;;;;;;;;;;;
I5686;;Autocentro;Grande;;;;;;;;;;;;;;;
I5691;;Autocentro;Pequeno;;;;;;;;;;;;;;;
I5699;;Não qualificado;;;;;;;;;;;;;;;;
I5718;;Autocentro;Grande;;;;;;;;;;;;;;;
I5721;;Não qualificado;;;;;;;;;;;;;;;;
I5727;;Autocentro;Grande;;;;;;;;;;;;;;;
I5729;;Varejo;Grande;;;;;;;;;;;;;;;
I5742;;Autocentro;Grande;;;;;;;;;;;;;;;
I5751;;Autocentro;Pequeno;;;;;;;;;;;;;;;
I5756;;Autocentro;Grande;;;;;;;;;;;;;;;
I5776;;Autocentro;Pequeno;;;;;;;;;;;;;;;
I5780;;Autocentro;Grande;;;;;;;;;;;;;;;
I5796;;Autocentro;Pequeno;;;;;;;;;;;;;;;
I5800;;Autocentro;Pequeno;;;;;;;;;;;;;;;
I5804;;Autocentro;Pequeno;;;;;;;;;;;;;;;
I5806;;Autocentro;Grande;;;;;;;;;;;;;;;
I5823;;Varejo;Grande;;;;;;;;;;;;;;;
I5831;;Autocentro;Pequeno;;;;;;;;;;;;;;;
I5931;;Varejo;Grande;;;;;;;;;;;;;;;
I5935;;Varejo;Grande;;;;;;;;;;;;;;;
I6103;;Varejo;Grande;;;;;;;;;;;;;;;
I6126;;Não qualificado;;;;;;;;;;;;;;;;
I6127;;Varejo;Grande;;;;;;;;;;;;;;;
I6131;;Autocentro;Grande;;;;;;;;;;;;;;;
I6313;;Não qualificado;;;;;;;;;;;;;;;;
I6328;;Autocentro;Pequeno;;;;;;;;;;;;;;;
I6351;;Autocentro;Pequeno;;;;;;;;;;;;;;;
I6354;;Autocentro;Pequeno;;;;;;;;;;;;;;;
I6355;;Autocentro;Pequeno;;;;;;;;;;;;;;;
I6369;;Autocentro;Pequeno;;;;;;;;;;;;;;;
I6370;;Autocentro;Pequeno;;;;;;;;;;;;;;;
I6374;;Autocentro;Pequeno;;;;;;;;;;;;;;;
I6386;;Varejo;Grande;;;;;;;;;;;;;;;
I6391;;Autocentro;Grande;;;;;;;;;;;;;;;
I6394;;Autocentro;Pequeno;;;;;;;;;;;;;;;
I6404;;Autocentro;Pequeno;;;;;;;;;;;;;;;
I6413;;Autocentro;Pequeno;;;;;;;;;;;;;;;
I6421;;Autocentro;Grande;;;;;;;;;;;;;;;
I6432;;Autocentro;Grande;;;;;;;;;;;;;;;
I6446;;Autocentro;Grande;;;;;;;;;;;;;;;
I6457;;Autocentro;Grande;;;;;;;;;;;;;;;
I6483;;Autocentro;Grande;;;;;;;;;;;;;;;
I6494;;Varejo;Grande;;;;;;;;;;;;;;;
I6507;;Autocentro;Grande;;;;;;;;;;;;;;;
I6509;;Autocentro;Pequeno;;;;;;;;;;;;;;;
I6529;;Autocentro;Grande;;;;;;;;;;;;;;;
I6556;;Autocentro;Grande;;;;;;;;;;;;;;;
I6582;;Autocentro;Pequeno;;;;;;;;;;;;;;;
I6583;;Autocentro;Grande;;;;;;;;;;;;;;;
I6635;;Autocentro;Grande;;;;;;;;;;;;;;;
I6644;;Varejo;Pequeno;;;;;;;;;;;;;;;
I6654;;Autocentro;Pequeno;;;;;;;;;;;;;;;
I6663;;Autocentro;Pequeno;;;;;;;;;;;;;;;
I6670;;Varejo;Pequeno;;;;;;;;;;;;;;;
I6676;;Varejo;Pequeno;;;;;;;;;;;;;;;
I6681;;Autocentro;Pequeno;;;;;;;;;;;;;;;
I6691;;Autocentro;Grande;;;;;;;;;;;;;;;
I6692;;Autocentro;Grande;;;;;;;;;;;;;;;
I6693;;Autocentro;Grande;;;;;;;;;;;;;;;
I6702;;Autocentro;Pequeno;;;;;;;;;;;;;;;
I6728;;Autocentro;Pequeno;;;;;;;;;;;;;;;
I6734;;Varejo;Pequeno;;;;;;;;;;;;;;;
I6760;;Autocentro;Pequeno;;;;;;;;;;;;;;;
I6785;;Autocentro;Pequeno;;;;;;;;;;;;;;;
I6792;;Autocentro;Pequeno;;;;;;;;;;;;;;;
I6796;;Autocentro;Grande;;;;;;;;;;;;;;;
I6813;;Autocentro;Grande;;;;;;;;;;;;;;;
I6815;;Autocentro;Pequeno;;;;;;;;;;;;;;;
I6819;;Autocentro;Pequeno;;;;;;;;;;;;;;;
I6821;;Varejo;Pequeno;;;;;;;;;;;;;;;
I6822;;Autocentro;Pequeno;;;;;;;;;;;;;;;
I6831;;Autocentro;Pequeno;;;;;;;;;;;;;;;
I6832;;Autocentro;Pequeno;;;;;;;;;;;;;;;
I6833;;Autocentro;Grande;;;;;;;;;;;;;;;
I6835;;Autocentro;Grande;;;;;;;;;;;;;;;
I6841;;Autocentro;Grande;;;;;;;;;;;;;;;
I6852;;Varejo;Grande;;;;;;;;;;;;;;;
I6853;;Autocentro;Pequeno;;;;;;;;;;;;;;;
I6858;;Autocentro;Pequeno;;;;;;;;;;;;;;;
I6860;;Autocentro;Grande;;;;;;;;;;;;;;;
I6868;;Varejo;Grande;;;;;;;;;;;;;;;
I6872;;Autocentro;Grande;;;;;;;;;;;;;;;
I6873;;Autocentro;Pequeno;;;;;;;;;;;;;;;
I6883;;Autocentro;Pequeno;;;;;;;;;;;;;;;
I6889;;Autocentro;Pequeno;;;;;;;;;;;;;;;
I6907;;Autocentro;Grande;;;;;;;;;;;;;;;
I6909;;Autocentro;Pequeno;;;;;;;;;;;;;;;
I6924;;Autocentro;Grande;;;;;;;;;;;;;;;
I6929;;Autocentro;Pequeno;;;;;;;;;;;;;;;
I6930;;Autocentro;Pequeno;;;;;;;;;;;;;;;
I6932;;Autocentro;Pequeno;;;;;;;;;;;;;;;
I6955;;Autocentro;Pequeno;;;;;;;;;;;;;;;
I6962;;Autocentro;Pequeno;;;;;;;;;;;;;;;
I6966;;Autocentro;Pequeno;;;;;;;;;;;;;;;
I7013;;Varejo;Pequeno;;;;;;;;;;;;;;;
I7043;;Autocentro;Grande;;;;;;;;;;;;;;;
I7044;;Autocentro;Pequeno;;;;;;;;;;;;;;;
I7046;;Autocentro;Grande;;;;;;;;;;;;;;;
I7054;;Autocentro;Pequeno;;;;;;;;;;;;;;;
I7059;;Autocentro;Pequeno;;;;;;;;;;;;;;;
I7061;;Autocentro;Grande;;;;;;;;;;;;;;;
I7080;;Autocentro;Pequeno;;;;;;;;;;;;;;;
I7082;;Autocentro;Pequeno;;;;;;;;;;;;;;;
I7097;;Autocentro;Pequeno;;;;;;;;;;;;;;;
I7101;;Autocentro;Pequeno;;;;;;;;;;;;;;;
I7127;;Autocentro;Pequeno;;;;;;;;;;;;;;;
I7139;;Autocentro;Grande;;;;;;;;;;;;;;;
I7159;;Varejo;Pequeno;;;;;;;;;;;;;;;
I7191;;Autocentro;Grande;;;;;;;;;;;;;;;
I7271;;Autocentro;Pequeno;;;;;;;;;;;;;;;
I7289;;Autocentro;Grande;;;;;;;;;;;;;;;
;;;;;;;;;;;;;;;;;;
;;;;;;;;;;;;;;;;;;
;;;;;;;;;;;;;;;;;;
;;;;;;;;;;;;;;;;;;
;;;;;;;;;;;;;;;;;;
;;;;;;;;;;;;;;;;;;
;;;;;;;;;;;;;;;;;;
;;;;;;;;;;;;;;;;;;
;;;;;;;;;;;;;;;;;;
;;;;;;;;;;;;;;;;;;
;;;;;;;;;;;;;;;;;;
;;;;;;;;;;;;;;;;;;
;;;;;;;;;;;;;;;;;;
;;;;;;;;;;;;;;;;;;
;;;;;;;;;;;;;;;;;;
;;;;;;;;;;;;;;;;;;
;;;;;;;;;;;;;;;;;;
;;;;;;;;;;;;;;;;;;
;;;;;;;;;;;;;;;;;;
;;;;;;;;;;;;;;;;;;
;;;;;;;;;;;;;;;;;;
;;;;;;;;;;;;;;;;;;
;;;;;;;;;;;;;;;;;;
;;;;;;;;;;;;;;;;;;
;;;;;;;;;;;;;;;;;;
;;;;;;;;;;;;;;;;;;
;;;;;;;;;;;;;;;;;;
;;;;;;;;;;;;;;;;;;
;;;;;;;;;;;;;;;;;;
;;;;;;;;;;;;;;;;;;
;;;;;;;;;;;;;;;;;;
;;;;;;;;;;;;;;;;;;
;;;;;;;;;;;;;;;;;;
;;;;;;;;;;;;;;;;;;
;;;;;;;;;;;;;;;;;;
;;;;;;;;;;;;;;;;;;
;;;;;;;;;;;;;;;;;;
;;;;;;;;;;;;;;;;;;
;;;;;;;;;;;;;;;;;;
;;;;;;;;;;;;;;;;;;
;;;;;;;;;;;;;;;;;;
;;;;;;;;;;;;;;;;;;
;;;;;;;;;;;;;;;;;;
;;;;;;;;;;;;;;;;;;
;;;;;;;;;;;;;;;;;;
;;;;;;;;;;;;;;;;;;
;;;;;;;;;;;;;;;;;;
;;;;;;;;;;;;;;;;;;
;;;;;;;;;;;;;;;;;;
;;;;;;;;;;;;;;;;;;
;;;;;;;;;;;;;;;;;;
;;;;;;;;;;;;;;;;;;
;;;;;;;;;;;;;;;;;;
;;;;;;;;;;;;;;;;;;
;;;;;;;;;;;;;;;;;;
;;;;;;;;;;;;;;;;;;
;;;;;;;;;;;;;;;;;;
;;;;;;;;;;;;;;;;;;
;;;;;;;;;;;;;;;;;;
;;;;;;;;;;;;;;;;;;
;;;;;;;;;;;;;;;;;;
;;;;;;;;;;;;;;;;;;
;;;;;;;;;;;;;;;;;;
;;;;;;;;;;;;;;;;;;
;;;;;;;;;;;;;;;;;;
;;;;;;;;;;;;;;;;;;
;;;;;;;;;;;;;;;;;;
;;;;;;;;;;;;;;;;;;
;;;;;;;;;;;;;;;;;;
;;;;;;;;;;;;;;;;;;
;;;;;;;;;;;;;;;;;;
;;;;;;;;;;;;;;;;;;
;;;;;;;;;;;;;;;;;;
;;;;;;;;;;;;;;;;;;
;;;;;;;;;;;;;;;;;;
;;;;;;;;;;;;;;;;;;
;;;;;;;;;;;;;;;;;;
;;;;;;;;;;;;;;;;;;
;;;;;;;;;;;;;;;;;;
;;;;;;;;;;;;;;;;;;
;;;;;;;;;;;;;;;;;;
;;;;;;;;;;;;;;;;;;
;;;;;;;;;;;;;;;;;;
;;;;;;;;;;;;;;;;;;
;;;;;;;;;;;;;;;;;;
;;;;;;;;;;;;;;;;;;
;;;;;;;;;;;;;;;;;;
;;;;;;;;;;;;;;;;;;
;;;;;;;;;;;;;;;;;;
;;;;;;;;;;;;;;;;;;
;;;;;;;;;;;;;;;;;;
;;;;;;;;;;;;;;;;;;
;;;;;;;;;;;;;;;;;;
;;;;;;;;;;;;;;;;;;
;;;;;;;;;;;;;;;;;;
;;;;;;;;;;;;;;;;;;
;;;;;;;;;;;;;;;;;;
;;;;;;;;;;;;;;;;;;
;;;;;;;;;;;;;;;;;;
;;;;;;;;;;;;;;;;;;
;;;;;;;;;;;;;;;;;;
;;;;;;;;;;;;;;;;;;
;;;;;;;;;;;;;;;;;;
;;;;;;;;;;;;;;;;;;
;;;;;;;;;;;;;;;;;;
;;;;;;;;;;;;;;;;;;
;;;;;;;;;;;;;;;;;;
;;;;;;;;;;;;;;;;;;
;;;;;;;;;;;;;;;;;;
;;;;;;;;;;;;;;;;;;
;;;;;;;;;;;;;;;;;;
;;;;;;;;;;;;;;;;;;
;;;;;;;;;;;;;;;;;;
;;;;;;;;;;;;;;;;;;
;;;;;;;;;;;;;;;;;;
;;;;;;;;;;;;;;;;;;
;;;;;;;;;;;;;;;;;;
;;;;;;;;;;;;;;;;;;
;;;;;;;;;;;;;;;;;;
;;;;;;;;;;;;;;;;;;
;;;;;;;;;;;;;;;;;;
;;;;;;;;;;;;;;;;;;
;;;;;;;;;;;;;;;;;;
;;;;;;;;;;;;;;;;;;
;;;;;;;;;;;;;;;;;;
;;;;;;;;;;;;;;;;;;
;;;;;;;;;;;;;;;;;;
;;;;;;;;;;;;;;;;;;
;;;;;;;;;;;;;;;;;;
;;;;;;;;;;;;;;;;;;
;;;;;;;;;;;;;;;;;;
;;;;;;;;;;;;;;;;;;
;;;;;;;;;;;;;;;;;;
;;;;;;;;;;;;;;;;;;
;;;;;;;;;;;;;;;;;;
;;;;;;;;;;;;;;;;;;
;;;;;;;;;;;;;;;;;;
;;;;;;;;;;;;;;;;;;
;;;;;;;;;;;;;;;;;;
;;;;;;;;;;;;;;;;;;
;;;;;;;;;;;;;;;;;;
;;;;;;;;;;;;;;;;;;
;;;;;;;;;;;;;;;;;;
;;;;;;;;;;;;;;;;;;
;;;;;;;;;;;;;;;;;;
;;;;;;;;;;;;;;;;;;
;;;;;;;;;;;;;;;;;;
;;;;;;;;;;;;;;;;;;
;;;;;;;;;;;;;;;;;;
;;;;;;;;;;;;;;;;;;
;;;;;;;;;;;;;;;;;;
;;;;;;;;;;;;;;;;;;
;;;;;;;;;;;;;;;;;;
;;;;;;;;;;;;;;;;;;
;;;;;;;;;;;;;;;;;;
;;;;;;;;;;;;;;;;;;
;;;;;;;;;;;;;;;;;;
;;;;;;;;;;;;;;;;;;
;;;;;;;;;;;;;;;;;;
;;;;;;;;;;;;;;;;;;
;;;;;;;;;;;;;;;;;;
;;;;;;;;;;;;;;;;;;
;;;;;;;;;;;;;;;;;;
;;;;;;;;;;;;;;;;;;
;;;;;;;;;;;;;;;;;;
;;;;;;;;;;;;;;;;;;
;;;;;;;;;;;;;;;;;;
;;;;;;;;;;;;;;;;;;
;;;;;;;;;;;;;;;;;;
;;;;;;;;;;;;;;;;;;
;;;;;;;;;;;;;;;;;;
;;;;;;;;;;;;;;;;;;
;;;;;;;;;;;;;;;;;;
;;;;;;;;;;;;;;;;;;
;;;;;;;;;;;;;;;;;;
;;;;;;;;;;;;;;;;;;
;;;;;;;;;;;;;;;;;;
;;;;;;;;;;;;;;;;;;
;;;;;;;;;;;;;;;;;;
;;;;;;;;;;;;;;;;;;
;;;;;;;;;;;;;;;;;;
;;;;;;;;;;;;;;;;;;
;;;;;;;;;;;;;;;;;;
;;;;;;;;;;;;;;;;;;
;;;;;;;;;;;;;;;;;;
;;;;;;;;;;;;;;;;;;
;;;;;;;;;;;;;;;;;;
;;;;;;;;;;;;;;;;;;
;;;;;;;;;;;;;;;;;;
;;;;;;;;;;;;;;;;;;
;;;;;;;;;;;;;;;;;;
;;;;;;;;;;;;;;;;;;
;;;;;;;;;;;;;;;;;;
